dataset,var,config.train,config.vars,T,alg,t_run_s,FAR,Accuracy,Kappa,AccuracyLower,AccuracyUpper,AccuracyNull,AccuracyPValue,McnemarPValue,Sensitivity,Specificity,Pos Pred Value,Neg Pred Value,Precision,Recall,F1,Prevalence,Detection Rate,Detection Prevalence,Balanced Accuracy,ROC,Sens,Spec
dacc,tunuyan.temp_min,smote,local,1,glm,29.7,0.18,0.9048697622,0.7835512742,0.8902221833,0.918155371,0.6874292186,0,0.0005169324745,0.8894927536,0.9118616145,0.8210702341,0.9477739726,0.8210702341,0.8894927536,0.8539130435,0.3125707814,0.2780294451,0.3386183465,0.9006771841,0.9545800234,0.8883632923,0.9015601783
dacc,tunuyan.temp_min,smote,local,2,glm,28.655,0.18,0.9014164306,0.7757597707,0.8865513669,0.9149309226,0.6872521246,0,0.0006462043795,0.884057971,0.9093157461,0.8160535117,0.9451585261,0.8160535117,0.884057971,0.8486956522,0.3127478754,0.2764872521,0.3388101983,0.8966868585,0.9553240197,0.8826868496,0.9045319465
dacc,tunuyan.temp_min,smote,local,1,rf,4825.294,0.2,0.8975084938,0.7684795001,0.8824131502,0.9112677675,0.6874292186,0,0.000008204961428,0.8913043478,0.9003294893,0.8026101142,0.9479618387,0.8026101142,0.8913043478,0.8446351931,0.3125707814,0.2785956965,0.3471121178,0.8958169186,0.9990894215,1,0.9884843982
dacc,tunuyan.temp_min,normal,local,2,rf,6395.978,0.17,0.9003397508,0.7694585373,0.8854138401,0.9139196509,0.6874292186,4.77E-101,0.4070160273,0.8514492754,0.9225700165,0.8333333333,0.9317803661,0.8333333333,0.8514492754,0.8422939068,0.3125707814,0.2661381653,0.3193657984,0.8870096459,1,1,1
dacc,tunuyan.temp_min,smote,all,2,rpart,425.555,0.18,0.8980747452,0.7665119285,0.8830130181,0.9117984163,0.6874292186,1.29E-98,0.0208547615,0.865942029,0.9126853377,0.8184931507,0.937394247,0.8184931507,0.865942029,0.8415492958,0.3125707814,0.2706681767,0.3306908267,0.8893136834,0.9154228296,0.8779564806,0.913479391
dacc,tunuyan.temp_min,normal,local,2,glm,33.197,0.15,0.9014722537,0.7695893032,0.8866150757,0.9149794375,0.6874292186,2.80E-102,0.4950567082,0.8333333333,0.9324546952,0.8487084871,0.9248366013,0.8487084871,0.8333333333,0.8409506399,0.3125707814,0.2604756512,0.3069082673,0.8828940143,0.9543924278,0.821192053,0.9283327144
dacc,tunuyan.temp_min,smote,all,1,glm,184.779,0.18,0.8975084938,0.7651005528,0.8824131502,0.9112677675,0.6874292186,5.15E-98,0.0257552485,0.8641304348,0.9126853377,0.8181818182,0.9366018597,0.8181818182,0.8641304348,0.8405286344,0.3125707814,0.2701019253,0.3301245753,0.8884078863,0.9559657784,0.8893093661,0.9012620638
dacc,tunuyan.temp_min,normal,local,2,C5.0,122.9,0.19,0.8958097395,0.7617866296,0.8806143414,0.9096750209,0.6874292186,3.16E-96,0.009873332091,0.865942029,0.9093904448,0.8129251701,0.9371816638,0.8129251701,0.865942029,0.8385964912,0.3125707814,0.2706681767,0.3329558324,0.8876662369,0.9548849623,0.8949858089,0.9253620498
dacc,tunuyan.temp_min,normal,all,1,glm,23.324,0.15,0.8997734994,0.7652671498,0.88481343,0.9133895483,0.6874292186,1.95E-100,0.3670700241,0.8278985507,0.9324546952,0.8478664193,0.9225753871,0.8478664193,0.8278985507,0.8377635197,0.3125707814,0.2587768969,0.305209513,0.880176623,0.9564489995,0.8382213813,0.9302152932
dacc,tunuyan.temp_min,normal,local,2,rpart,38.867,0.18,0.8963759909,0.7611103801,0.8812138128,0.9102060688,0.6874292186,8.06E-97,0.1833212262,0.8514492754,0.9168039539,0.823117338,0.9313807531,0.823117338,0.8514492754,0.8370436331,0.3125707814,0.2661381653,0.3233295583,0.8841266146,0.9536692592,0.8836329234,0.9387300408
dacc,tunuyan.temp_min,normal,local,1,rf,676.679,0.18,0.8963759909,0.7608763531,0.8812138128,0.9102060688,0.6874292186,8.06E-97,0.2369066428,0.8496376812,0.9176276771,0.8242530756,0.9306599833,0.8242530756,0.8496376812,0.8367528992,0.3125707814,0.2655719139,0.3221970555,0.8836326791,1,1,1
dacc,tunuyan.temp_min,normal,local,1,rpart,10.435,0.18,0.8958097395,0.759687377,0.8806143414,0.9096750209,0.6874292186,3.16E-96,0.2101123275,0.8496376812,0.9168039539,0.8228070175,0.9306020067,0.8228070175,0.8496376812,0.8360071301,0.3125707814,0.2655719139,0.3227633069,0.8832208175,0.9199682675,0.8684957427,0.9086859688
dacc,tunuyan.temp_min,normal,local,1,C5.0,37.553,0.19,0.8935447339,0.7573147377,0.8782177486,0.9075495269,0.6874292186,7.03E-94,0.002787653335,0.8677536232,0.9052718287,0.8063973064,0.9377133106,0.8063973064,0.8677536232,0.8359511344,0.3125707814,0.2712344281,0.3363533409,0.8865127259,0.9452415017,0.9063386944,0.9005196733
dacc,tunuyan.temp_min,normal,all,2,glm,25.279,0.15,0.8986409966,0.7614287978,0.88361302,0.91232893,0.6874292186,3.21E-99,0.1001024396,0.8170289855,0.9357495881,0.8525519849,0.9183508488,0.8525519849,0.8170289855,0.8344125809,0.3125707814,0.2553793884,0.2995469989,0.8763892868,0.9605153836,0.8457899716,0.9324173784
dacc,tunuyan.temp_min,smote,all,1,rpart,241.454,0.17,0.8941109853,0.7544468321,0.8788167047,0.9080810939,0.6874292186,1.84E-94,0.6608329433,0.8369565217,0.9200988468,0.8264758497,0.9254349627,0.8264758497,0.8369565217,0.8316831683,0.3125707814,0.261608154,0.3165345413,0.8785276843,0.9600262751,0.9120151372,0.93281366
dacc,tunuyan.temp_min,smote,all,2,glm,331.787,0.15,0.8963759909,0.7563410673,0.8812138128,0.9102060688,0.6874292186,8.06E-97,0.1392893657,0.8152173913,0.9332784185,0.8474576271,0.9174089069,0.8474576271,0.8152173913,0.8310249307,0.3125707814,0.254813137,0.3006795017,0.8742479049,0.9592784264,0.8864711447,0.9112513925
dacc,tunuyan.temp_min,normal,local,1,glm,16.505,0.15,0.8969422424,0.7568229277,0.8818134155,0.9107369847,0.6874292186,2.04E-97,0.04535219143,0.8097826087,0.9365733114,0.8530534351,0.9154589372,0.8530534351,0.8097826087,0.8308550186,0.3125707814,0.2531143828,0.2967157418,0.87317796,0.9511865957,0.8079470199,0.9276169265
dacc,tunuyan.temp_min,smote,local,2,rpart,32.332,0.21,0.8866855524,0.7429968461,0.8709674918,0.9011045933,0.6872521246,0,0.0003106603426,0.865942029,0.8961253092,0.7913907285,0.9362618432,0.7913907285,0.865942029,0.8269896194,0.3127478754,0.2708215297,0.3422096317,0.8810336691,0.9416386335,0.9186376537,0.9063893016
dacc,tunuyan.temp_min,smote,local,1,rpart,41.51,0.2,0.8873159683,0.7424920315,0.871637399,0.9016940684,0.6874292186,0,0.01071150228,0.8532608696,0.902800659,0.7996604414,0.9311809686,0.7996604414,0.8532608696,0.8255915863,0.3125707814,0.2667044168,0.3335220838,0.8780307643,0.9479715644,0.9110690634,0.9208766716
dacc,tunuyan.temp_min,normal,all,1,C5.0,109.129,0.21,0.8850509626,0.7398399118,0.8692481261,0.899561206,0.6874292186,1.94E-85,8.48E-05,0.8677536232,0.8929159802,0.7865353038,0.9369057908,0.7865353038,0.8677536232,0.8251507321,0.3125707814,0.2712344281,0.3448471121,0.8803348017,0.9650165159,0.8987701041,0.9368968077
dacc,tunuyan.temp_min,normal,all,2,rpart,72.341,0.17,0.8912797282,0.7462575321,0.8758231815,0.9054219933,0.6874292186,1.42E-91,0.7182161295,0.8206521739,0.9233937397,0.8296703297,0.918852459,0.8296703297,0.8206521739,0.825136612,0.3125707814,0.2565118913,0.3091732729,0.8720229568,0.9255141663,0.8618732261,0.9379873747
dacc,tunuyan.temp_min,normal,all,1,rpart,57.878,0.16,0.8907134768,0.7419961879,0.8752248498,0.9048897979,0.6874292186,5.28E-91,0.0438539502,0.7989130435,0.9324546952,0.8432122371,0.9106999195,0.8432122371,0.7989130435,0.8204651163,0.3125707814,0.2497168743,0.2961494904,0.8656838694,0.9308235337,0.8372753075,0.9513734224
dacc,tunuyan.temp_min,normal,all,2,C5.0,152.501,0.19,0.8850509626,0.7347426212,0.8692481261,0.899561206,0.6874292186,1.94E-85,0.2614460523,0.8315217391,0.9093904448,0.8066783831,0.9223057644,0.8066783831,0.8315217391,0.818911686,0.3125707814,0.2599093998,0.3221970555,0.870456092,0.9605886314,0.880794702,0.9428147048
dacc,tunuyan.temp_min,smote,local,1,C5.0,175.596,0.21,0.8771234428,0.7186539628,0.8608998047,0.8920819665,0.6874292186,0,0.02983292546,0.8333333333,0.8970345964,0.7863247863,0.9220999153,0.7863247863,0.8333333333,0.8091468777,0.3125707814,0.2604756512,0.3312570781,0.8651839649,0.9787516181,0.9545884579,0.9506310319
dacc,tunuyan.temp_min,smote,local,2,C5.0,262.364,0.23,0.8652321631,0.6906752468,0.848415468,0.8808247423,0.6874292186,0,0.08009242468,0.8097826087,0.8904448105,0.7706896552,0.9114671164,0.7706896552,0.8097826087,0.7897526502,0.3125707814,0.2531143828,0.3284258211,0.8501137096,0.9859100699,0.9744560076,0.9736353509
dacc,la_llave.temp_min,normal,local,2,C5.0,48.791,0.27,0.8929784824,0.7038905321,0.8776189191,0.9070178325,0.7774631937,8.63E-37,0.0004803412,0.8218829517,0.9133284778,0.7307692308,0.9471299094,0.7307692308,0.8218829517,0.7736526946,0.2225368063,0.1828992072,0.2502831257,0.8676057147,0.9486207551,0.8638968481,0.9252948886
dacc,la_llave.temp_min,smote,local,1,glm,31.921,0.31,0.885617214,0.6984661783,0.8698452707,0.9000945963,0.7774631937,0,0,0.8778625954,0.8878368536,0.6913827655,0.9621152328,0.6913827655,0.8778625954,0.7735426009,0.2225368063,0.1953567384,0.2825594564,0.8828497245,0.9479904683,0.8510028653,0.886996397
dacc,la_llave.temp_min,normal,all,2,glm,24.998,0.25,0.8952434881,0.7029255527,0.8800150001,0.9091438418,0.7774631937,2.51E-38,1.41E-01,0.7913486005,0.9249817917,0.7512077295,0.9393491124,0.7512077295,0.7913486005,0.770755886,0.2225368063,0.1761041903,0.2344280861,0.8581651961,0.9597619298,0.7220630372,0.9547837484
dacc,la_llave.temp_min,smote,all,2,rpart,214.981,0.3,0.885617214,0.6933864394,0.8698452707,0.9000945963,0.7774631937,4.47E-32,2.22E-09,0.8524173028,0.8951201748,0.6993736952,0.9549339549,0.6993736952,0.8524173028,0.7683486239,0.2225368063,0.1896942242,0.2712344281,0.8737687388,0.9354462948,0.9169054441,0.8915465269
dacc,la_llave.temp_min,smote,all,2,glm,177.768,0.34,0.8771234428,0.6867150955,0.8608998047,0.8920819665,0.7774631937,3.84E-27,3.72E-23,0.9109414758,0.8674435543,0.662962963,0.971451876,0.662962963,0.9109414758,0.7674169346,0.2225368063,0.2027180068,0.3057757644,0.889192515,0.9591484,0.8638968481,0.9020314548
dacc,junin.temp_min,smote,local,2,rf,1817.234,0.3,0.9354107649,0.730230151,0.9229189523,0.9464296576,0.8742209632,0,0.00002501811903,0.8468468468,0.9481529488,0.7014925373,0.9772879092,0.7014925373,0.8468468468,0.7673469388,0.1257790368,0.1065155807,0.1518413598,0.8974998978,0.9983358906,1,0.9630842513
dacc,junin.temp_min,smote,local,1,glm,16.603,0.33,0.9320498301,0.7276358608,0.919295408,0.9433445879,0.8742921857,0,0.0000000002999405112,0.8873873874,0.9384715026,0.6746575342,0.9830393487,0.6746575342,0.8873873874,0.766536965,0.1257078143,0.1115515289,0.1653454134,0.912929445,0.970672743,0.8897435897,0.9166418577
dacc,la_llave.temp_min,normal,local,1,C5.0,121.708,0.27,0.889580974,0.6923504366,0.8740285523,0.9038250384,0.7774631937,1.46E-34,0.00417721573,0.8040712468,0.9140568099,0.7281105991,0.9421921922,0.7281105991,0.8040712468,0.7642079807,0.2225368063,0.1789354473,0.2457531144,0.8590640284,0.9301938438,0.8137535817,0.9249918113
dacc,la_llave.temp_min,normal,all,1,glm,25.895,0.24,0.8946772367,0.6961756963,0.8794157882,0.9086125325,0.7774631937,6.13E-38,0.941548646,0.7659033079,0.9315367808,0.7620253165,0.9328956966,0.7620253165,0.7659033079,0.7639593909,0.2225368063,0.1704416761,0.2236693092,0.8487200443,0.9552274666,0.7005730659,0.951523092
dacc,la_llave.temp_min,smote,local,1,rpart,41.099,0.34,0.8748584371,0.6809402586,0.85851843,0.8899411581,0.7774631937,0,0,0.9058524173,0.86598689,0.6592592593,0.9698205546,0.6592592593,0.9058524173,0.7631296892,0.2225368063,0.201585504,0.3057757644,0.8859196537,0.9225300494,0.9154727794,0.8558794628
dacc,la_llave.temp_min,normal,local,2,rf,4349.926,0.23,0.8946772367,0.6933964818,0.8794157882,0.9086125325,0.7774631937,6.13E-38,0.6077660314,0.7531806616,0.9351784414,0.7688311688,0.9297610427,0.7688311688,0.7531806616,0.7609254499,0.2225368063,0.167610419,0.218006795,0.8441795515,1,1,1
dacc,la_llave.temp_min,smote,all,1,rpart,103.997,0.27,0.8890147225,0.6883168338,0.873430585,0.9032924761,0.7774631937,3.36E-34,0.0268091307,0.7913486005,0.9169701384,0.7317647059,0.9388516033,0.7317647059,0.7913486005,0.760391198,0.2225368063,0.1761041903,0.2406568516,0.8541593694,0.9492021094,0.9126074499,0.901080904
dacc,la_llave.temp_min,smote,all,1,glm,90.074,0.34,0.8742921857,0.6755981194,0.8579233444,0.8894056964,0.7774631937,1.30E-25,1.47E-18,0.8854961832,0.8710852149,0.6628571429,0.9637389202,0.6628571429,0.8854961832,0.7581699346,0.2225368063,0.1970554926,0.2972819932,0.878290699,0.9541655209,0.8839541547,0.8915820504
dacc,las_paredes.temp_min,smote,all,1,rpart,63.654,0.28,0.9077010193,0.7009373175,0.8932321376,0.9207979196,0.8182332956,3.26E-26,0.0187844418,0.7943925234,0.9328719723,0.7244318182,0.9533239038,0.7244318182,0.7943925234,0.7578008915,0.1817667044,0.144394111,0.1993204983,0.8636322478,0.9176759016,0.8430335097,0.9224246231
dacc,la_llave.temp_min,normal,local,2,glm,38.014,0.21,0.8963759909,0.690121371,0.8812138128,0.9102060688,0.7774631937,4.13E-39,0.007786348416,0.7201017812,0.9468317553,0.7949438202,0.9219858156,0.7949438202,0.7201017812,0.7556742323,0.2225368063,0.1602491506,0.201585504,0.8334667682,0.9522202548,0.6561604585,0.9472477064
dacc,la_llave.temp_min,normal,local,1,glm,20.088,0.2,0.8958097395,0.6863650491,0.8806143414,0.9096750209,0.7774631937,1.02E-38,0.001524378583,0.7099236641,0.9490167516,0.7994269341,0.9195483416,0.7994269341,0.7099236641,0.7520215633,0.2225368063,0.157984145,0.1976217441,0.8294702079,0.9482518487,0.6375358166,0.9466098919
dacc,las_paredes.temp_min,smote,local,1,glm,30.389,0.3,0.9014722537,0.6891052686,0.8866150757,0.9149794375,0.8182332956,0,0.00005871421443,0.8130841121,0.9211072664,0.696,0.9568655643,0.696,0.8130841121,0.75,0.1817667044,0.1477916195,0.2123442809,0.8670956893,0.9538676628,0.8624338624,0.8944723618
dacc,las_paredes.temp_min,normal,all,2,glm,37.021,0.23,0.9110985277,0.6955941284,0.8968491473,0.9239638725,0.8182332956,2.61E-28,0.2638568268,0.7320872274,0.9508650519,0.7679738562,0.9410958904,0.7679738562,0.7320872274,0.7496012759,0.1817667044,0.1330690827,0.1732729332,0.8414761397,0.9620559177,0.7142857143,0.9663839145
dacc-temp,junin.temp_min,smote,local,3,rf,299.638,0.33,0.9286523216,0.7060259683,0.9156368728,0.940220557,0.8742921857,0,0.000002339789578,0.8378378378,0.9417098446,0.6739130435,0.9758389262,0.6739130435,0.8378378378,0.7469879518,0.1257078143,0.1053227633,0.1562853907,0.8897738412,0.9981118465,1,0.9586186365
dacc,la_llave.temp_min,normal,local,1,rf,626.244,0.23,0.8907134768,0.6768321706,0.8752248498,0.9048897979,0.7774631937,2.70E-35,0.0840675338,0.7226463104,0.938820102,0.7717391304,0.9220314735,0.7717391304,0.7226463104,0.7463863338,0.2225368063,0.160815402,0.208380521,0.8307332062,1,1,1
dacc,junin.temp_min,smote,local,1,rf,1674.208,0.3,0.9314835787,0.7069430387,0.9186850868,0.9428244877,0.8742921857,0,0.003624814385,0.8018018018,0.9501295337,0.6980392157,0.9708802118,0.6980392157,0.8018018018,0.7463312369,0.1257078143,0.100792752,0.144394111,0.8759656677,0.9987187121,1,0.961595713
dacc,agua_amarga.temp_min,smote,all,1,glm,71.36,0.37,0.9065685164,0.6753191764,0.8920277055,0.9197413541,0.855605889,7.62E-11,6.97E-15,0.8745098039,0.911978822,0.6264044944,0.9773049645,0.6264044944,0.8745098039,0.7299509002,0.144394111,0.1262740657,0.201585504,0.8932443129,0.9740566622,0.8971774194,0.9210445469
dacc,junin.temp_min,smote,local,2,glm,8.292,0.36,0.9223796034,0.6987457968,0.9088983088,0.9344356417,0.8742209632,0,0,0.8918918919,0.9267660402,0.6366559486,0.9834938102,0.6366559486,0.8918918919,0.7429643527,0.1257790368,0.1121813031,0.176203966,0.909328966,0.9710078549,0.9102564103,0.9175349806
dacc,junin.temp_min,smote,local,2,rpart,11.228,0.34,0.9257790368,0.7000935201,0.9125449217,0.9375755776,0.8742209632,0,0.00000002248493642,0.8513513514,0.9364873623,0.6585365854,0.9776725304,0.6585365854,0.8513513514,0.742632613,0.1257790368,0.107082153,0.1626062323,0.8939193568,0.9437408875,0.8871794872,0.9077106282
dacc-temp,junin.temp_min,smote,local,2,glm,13.712,0.38,0.9201585504,0.6969631326,0.9065237015,0.9323769672,0.8742921857,0.0000000004458641265,0,0.9144144144,0.920984456,0.6246153846,0.986814712,0.6246153846,0.9144144144,0.7422303473,0.1257078143,0.1149490374,0.1840317101,0.9176994352,0.9640781441,0.8897435897,0.9032738095
dacc,agua_amarga.temp_min,smote,all,1,rpart,61.174,0.34,0.9156285391,0.6921552432,0.9016808944,0.9281759991,0.855605889,1.07E-14,6.41E-08,0.8392156863,0.9285241562,0.6645962733,0.9716066482,0.6645962733,0.8392156863,0.7417677643,0.144394111,0.1211778029,0.1823329558,0.8838699212,0.9336904143,0.9032258065,0.9222734255
dacc-temp,junin.temp_min,smote,local,1,glm,13.101,0.37,0.9218573046,0.6970750116,0.9083427776,0.9339492786,0.8742921857,0,0,0.8918918919,0.9261658031,0.6346153846,0.9834938102,0.6346153846,0.8918918919,0.7415730337,0.1257078143,0.1121177803,0.1766704417,0.9090288475,0.9632984689,0.9,0.9015174055
dacc-temp,junin.temp_min,smote,local,3,glm,14.728,0.38,0.919592299,0.6953041467,0.9059177175,0.9318524851,0.8742921857,0.0000000007419333733,0,0.9144144144,0.9203367876,0.6226993865,0.9868055556,0.6226993865,0.9144144144,0.7408759124,0.1257078143,0.1149490374,0.1845979615,0.917375601,0.9644514164,0.8923076923,0.9032450134
dacc,tunuyan.temp_min,smote,all,1,C5.0,517.052,0.23,0.8437146093,0.6286218467,0.8259268023,0.8603519689,0.6874292186,1.47E-51,0.0135904489,0.7119565217,0.9036243822,0.7705882353,0.8734076433,0.7705882353,0.7119565217,0.7401129944,0.3125707814,0.2225368063,0.288788222,0.807790452,0.9880055121,0.9791863765,0.9710467706
dacc,las_paredes.temp_min,normal,all,1,glm,15.023,0.19,0.912797282,0.6863138615,0.8986598064,0.9255446768,0.8182332956,2.12E-29,1.95E-05,0.6760124611,0.9653979239,0.8127340824,0.9306204136,0.8127340824,0.6760124611,0.7380952381,0.1817667044,0.1228765572,0.151189128,0.8207051925,0.9584851063,0.6807760141,0.9673366834
dacc-temp,junin.temp_min,smote,local,4,glm,10.728,0.39,0.9172804533,0.6896804198,0.9034413446,0.9297126575,0.8742209632,0.000000005274160773,0,0.9189189189,0.9170447181,0.6144578313,0.9874389393,0.6144578313,0.9189189189,0.7364620939,0.1257790368,0.1155807365,0.188101983,0.9179818185,0.9640727933,0.8923076923,0.9059243823
dacc,agua_amarga.temp_min,smote,all,2,rpart,98.386,0.35,0.9116647792,0.6837341721,0.8974525376,0.9244909714,0.855605889,6.43E-13,2.53E-10,0.8509803922,0.9219060225,0.647761194,0.9734451433,0.647761194,0.8509803922,0.7355932203,0.144394111,0.1228765572,0.1896942242,0.8864432073,0.9405266719,0.9092741935,0.9121081746
dacc,las_paredes.temp_min,smote,all,1,glm,79.4,0.34,0.8901472254,0.6655414046,0.8746266403,0.9043574793,0.8182332956,5.59E-17,0.000000001,0.8317757009,0.9031141869,0.656019656,0.9602649007,0.656019656,0.8317757009,0.7335164835,0.1817667044,0.151189128,0.2304643262,0.8674449439,0.9578481029,0.8677248677,0.8969849246
dacc,las_paredes.temp_min,smote,local,2,glm,35.016,0.32,0.8941109853,0.667766593,0.8788167047,0.9080810939,0.8182332956,0,0.0000222149594,0.800623053,0.9148788927,0.6763157895,0.9538239538,0.6763157895,0.800623053,0.7332382311,0.1817667044,0.1455266138,0.2151755379,0.8577509728,0.954853856,0.8712522046,0.8947533773
dacc,la_llave.temp_min,smote,local,1,C5.0,199.903,0.34,0.8652321631,0.6441379123,0.848415468,0.8808247423,0.7774631937,0,0,0.8295165394,0.8754552076,0.6559356137,0.9472025217,0.6559356137,0.8295165394,0.7325842697,0.2225368063,0.1845979615,0.2814269536,0.8524858735,0.9745804071,0.9770773639,0.9279397314
dacc,la_llave.temp_min,smote,local,1,C5.0,199.903,0.34,0.8652321631,0.6441379123,0.848415468,0.8808247423,0.7774631937,4.39E-21,2.45E-11,0.8295165394,0.8754552076,0.6559356137,0.9472025217,0.6559356137,0.8295165394,0.7325842697,0.2225368063,0.1845979615,0.2814269536,0.8524858735,0.9745804071,0.9770773639,0.9279397314
dacc,las_paredes.temp_min,smote,local,1,rf,767.348,0.28,0.9014722537,0.6711549451,0.8866150757,0.9149794375,0.8182332956,0,0.7046514611,0.738317757,0.937716263,0.7247706422,0.9416261293,0.7247706422,0.738317757,0.7314814815,0.1817667044,0.1342015855,0.1851642129,0.83801701,0.9971321001,1,0.9663944724
dacc-temp,junin.temp_min,smote,local,4,rf,1517.917,0.34,0.9246458924,0.6880311723,0.9113285827,0.9365297417,0.8742209632,0,0.00001453962198,0.8153153153,0.9403758911,0.663003663,0.9725201072,0.663003663,0.8153153153,0.7313131313,0.1257790368,0.1025495751,0.154674221,0.8778456032,0.9976503996,1,0.9618934207
dacc,agua_amarga.temp_min,smote,all,2,glm,107.344,0.33,0.9167610419,0.6962873876,0.9028905276,0.9292273194,0.855605889,3.10E-15,5.22E-08,0.8431372549,0.9291859696,0.6677018634,0.972299169,0.6677018634,0.8431372549,0.7452339688,0.144394111,0.1217440544,0.1823329558,0.8861616122,0.9784985477,0.9254032258,0.9296250768
dacc,la_llave.temp_min,normal,all,1,C5.0,109.535,0.25,0.8833522084,0.6553846037,0.8674573763,0.8979603466,0.7774631937,1.04E-30,0.1090481958,0.7073791349,0.9337217771,0.7533875339,0.9176807445,0.7533875339,0.7073791349,0.7296587927,0.2225368063,0.1574178935,0.2089467724,0.820550456,0.9260896558,0.8022922636,0.9518506387
dacc-temp,junin.temp_min,smote,local,4,rpart,17.206,0.33,0.9252124646,0.6865245097,0.9119366503,0.9370527626,0.8742209632,0,0.0001820755612,0.8018018018,0.9429682437,0.6691729323,0.9706470981,0.6691729323,0.8018018018,0.7295081967,0.1257790368,0.1008498584,0.1507082153,0.8723850227,0.9448248487,0.8769230769,0.9115808276
dacc,las_paredes.temp_min,smote,local,2,rpart,45.993,0.29,0.8980747452,0.6654493406,0.8830130181,0.9117984163,0.8182332956,0,0.1567238679,0.7507788162,0.9307958478,0.706744868,0.9438596491,0.706744868,0.7507788162,0.7280966767,0.1817667044,0.1364665912,0.1930917327,0.840787332,0.9230701461,0.8571428571,0.8994659127
dacc,agua_amarga.temp_min,normal,all,2,C5.0,175.498,0.28,0.9207248018,0.6812414103,0.9071298717,0.9329012613,0.855605889,3.25E-17,0.7998461057,0.7333333333,0.9523494375,0.722007722,0.9548772395,0.722007722,0.7333333333,0.7276264591,0.144394111,0.1058890147,0.1466591166,0.8428413854,0.9655510835,0.7842741935,0.9701905347
dacc,la_llave.temp_min,normal,local,1,rpart,25.166,0.21,0.8873159683,0.6559149681,0.871637399,0.9016940684,0.7774631937,3.97E-33,3.93E-05,0.6717557252,0.9490167516,0.7904191617,0.9099162011,0.7904191617,0.6717557252,0.7262723521,0.2225368063,0.1494903737,0.1891279728,0.8103862384,0.9164002808,0.676217765,0.9489027186
dacc,la_llave.temp_min,normal,local,2,rpart,49.754,0.21,0.8873159683,0.6559149681,0.871637399,0.9016940684,0.7774631937,3.97E-33,3.93E-05,0.6717557252,0.9490167516,0.7904191617,0.9099162011,0.7904191617,0.6717557252,0.7262723521,0.2225368063,0.1494903737,0.1891279728,0.8103862384,0.916385798,0.676217765,0.9488859764
dacc,junin.temp_min,normal,all,1,glm,26.566,0.16,0.9388448471,0.6894429356,0.9266381864,0.9495666468,0.8742921857,2.29E-19,3.40E-07,0.6351351351,0.9825129534,0.8392857143,0.9493116395,0.8392857143,0.6351351351,0.7230769231,0.1257078143,0.0798414496,0.0951302378,0.8088240443,0.9713424729,0.6538461538,0.9747099078
dacc,las_paredes.temp_min,smote,all,2,glm,124.206,0.39,0.8754246886,0.6448765221,0.8591136182,0.8904765165,0.8182332956,4.28E-11,3.74E-23,0.8878504673,0.8726643599,0.6076759062,0.9722436392,0.6076759062,0.8878504673,0.7215189873,0.1817667044,0.1613816535,0.2655719139,0.8802574136,0.9606834368,0.8571428571,0.9120326736
dacc-temp,junin.temp_min,smote,local,1,C5.0,74.327,0.35,0.9212910532,0.6762607386,0.9077362298,0.9334253657,0.8742921857,0.0000000001574048203,0.000004644865897,0.8108108108,0.9371761658,0.6498194946,0.9717931498,0.6498194946,0.8108108108,0.7214428858,0.1257078143,0.1019252548,0.1568516421,0.8739934883,0.9670347653,0.9051282051,0.9241297233
dacc,las_paredes.temp_min,smote,local,1,C5.0,127.606,0.32,0.8912797282,0.6529976073,0.8758231815,0.9054219933,0.8182332956,0,0.001914028965,0.769470405,0.9183391003,0.6767123288,0.9471805853,0.6767123288,0.769470405,0.7201166181,0.1817667044,0.1398640997,0.2066817667,0.8439047527,0.9705867853,0.9347442681,0.926821608
dacc,agua_amarga.temp_min,smote,local,2,rf,4060.734,0.35,0.9093997735,0.6659928839,0.8950399365,0.9223816078,0.855605889,0,0.000003095796877,0.8039215686,0.9272005295,0.6507936508,0.9655410062,0.6507936508,0.8039215686,0.7192982456,0.144394111,0.1160815402,0.1783691959,0.865561049,0.9986437288,1,0.9698832207
dacc-temp,junin.temp_min,smote,local,2,rf,276.239,0.38,0.9161947905,0.6696962957,0.9022856239,0.9287017471,0.8742921857,0.00000001348125897,0,0.8468468468,0.9261658031,0.6225165563,0.9767759563,0.6225165563,0.8468468468,0.7175572519,0.1257078143,0.1064552661,0.1710079275,0.886506325,0.9971985653,1,0.955952381
dacc,agua_amarga.temp_min,smote,all,1,C5.0,156.037,0.36,0.9077010193,0.6622376063,0.8932321376,0.9207979196,0.855605889,2.76E-11,5.36E-07,0.8078431373,0.924553276,0.64375,0.9661134163,0.64375,0.8078431373,0.7165217391,0.144394111,0.1166477916,0.181200453,0.8661982066,0.9799279025,0.9838709677,0.9388632873
dacc,agua_amarga.temp_min,smote,local,1,rf,389.871,0.35,0.9093997735,0.6629907661,0.8950399365,0.9223816078,0.855605889,0,0.000027893245,0.7921568627,0.9291859696,0.6537216828,0.9636238847,0.6537216828,0.7921568627,0.7163120567,0.144394111,0.114382786,0.1749716874,0.8606714162,0.9976778901,1,0.9683563748
dacc,junin.temp_min,smote,local,1,C5.0,41.352,0.33,0.9229898075,0.670015388,0.9095564501,0.9349965218,0.8742921857,0,0.007855271423,0.7657657658,0.9455958549,0.6692913386,0.9656084656,0.6692913386,0.7657657658,0.7142857143,0.1257078143,0.09626274066,0.1438278596,0.8556808103,0.9712627499,0.9487179487,0.9312704552
dacc,las_paredes.temp_min,smote,local,2,C5.0,137.291,0.34,0.8861834655,0.6436992976,0.8704425305,0.9006278707,0.8182332956,0,0.00002315465088,0.7819314642,0.9093425606,0.6570680628,0.9494219653,0.6570680628,0.7819314642,0.7140825036,0.1817667044,0.1421291053,0.2163080408,0.8456370124,0.9744148948,0.9700176367,0.9214577443
dacc,agua_amarga.temp_min,smote,local,2,glm,30.035,0.36,0.9054360136,0.6559769689,0.8908238755,0.9186841817,0.855605889,0.0000000002046594976,0.0000001424983318,0.8078431373,0.9219060225,0.6358024691,0.9660194175,0.6358024691,0.8078431373,0.7115716753,0.144394111,0.1166477916,0.1834654587,0.8648745799,0.9715046741,0.9032258065,0.9204056546
dacc,agua_amarga.temp_min,smote,local,1,glm,8.264,0.39,0.8986409966,0.6376277303,0.88361302,0.91232893,0.855605889,0.00000004500966229,0.000000002238500229,0.8078431373,0.9139642621,0.6130952381,0.9657342657,0.6130952381,0.8078431373,0.6971235195,0.144394111,0.1166477916,0.1902604757,0.8609036997,0.9661612408,0.8911290323,0.9029185868
dacc,junin.temp_min,smote,local,3,C5.0,34.266,0.34,0.9207248018,0.6639719913,0.9071298717,0.9329012613,0.8742921857,0.0000000002659262465,0.001765574382,0.7702702703,0.942357513,0.6576923077,0.9661354582,0.6576923077,0.7702702703,0.7095435685,0.1257078143,0.09682899207,0.1472253681,0.8563138916,0.9629563896,0.9692307692,0.9324203632
dacc,junin.temp_min,smote,all,2,glm,56.281,0.39,0.912797282,0.6551533503,0.8986598064,0.9255446768,0.8742921857,0.000000189,5.48E-10,0.8288288288,0.9248704663,0.6133333333,0.9740791269,0.6133333333,0.8288288288,0.7049808429,0.1257078143,0.1041902605,0.1698754247,0.8768496476,0.9740438034,0.9025641026,0.9244047619
dacc,las_paredes.temp_min,smote,all,2,rpart,140.506,0.35,0.8833522084,0.632764472,0.8674573763,0.8979603466,0.8182332956,4.57E-14,0.0001270894,0.7663551402,0.9093425606,0.6525198939,0.9460043197,0.6525198939,0.7663551402,0.7048710602,0.1817667044,0.1392978482,0.2134767837,0.8378488504,0.9260855038,0.9012345679,0.9101476594
dacc,las_paredes.temp_min,smote,all,1,C5.0,237.509,0.36,0.8799546999,0.6304542233,0.8638788917,0.8947555946,0.8182332956,9.74E-13,2.59E-07,0.7881619938,0.9003460208,0.637279597,0.9503287071,0.637279597,0.7881619938,0.704735376,0.1817667044,0.1432616082,0.224801812,0.8442540073,0.9763397565,0.9911816578,0.9183417085
dacc,la_llave.temp_min,smote,all,1,C5.0,295.114,0.33,0.8618346546,0.6147062979,0.8448562934,0.8776005723,0.7774631937,1.59E-19,0.0125348186,0.7404580153,0.896576839,0.6720554273,0.9234808702,0.6720554273,0.7404580153,0.7046004843,0.2225368063,0.1647791619,0.245186863,0.8185174272,0.9838760691,0.9813753582,0.9567638388
dacc,tunuyan.temp_min,smote,all,2,C5.0,1469.956,0.24,0.8267270668,0.5819284043,0.8082531348,0.8441083546,0.6874292186,1.18E-40,4.93E-05,0.6576086957,0.9036243822,0.75625,0.8530326594,0.75625,0.6576086957,0.7034883721,0.3125707814,0.2055492639,0.2718006795,0.7806165389,0.9896472898,0.9829706717,0.974006684
dacc,junin.temp_min,smote,local,2,C5.0,26.327,0.35,0.9184597961,0.6518691717,0.9047063006,0.9308029647,0.8742921857,0.000000002008829372,0.00595952647,0.7522522523,0.942357513,0.65234375,0.9635761589,0.65234375,0.7522522523,0.6987447699,0.1257078143,0.09456398641,0.1449603624,0.8473048826,0.9743894994,0.9743589744,0.9318452381
dacc,agua_amarga.temp_min,normal,all,1,glm,14.639,0.22,0.9241223103,0.6703470603,0.9107709047,0.9360429753,0.855605889,4.84E-19,0.0003973155,0.6549019608,0.969556585,0.7840375587,0.9433354797,0.7840375587,0.6549019608,0.7136752137,0.144394111,0.0945639864,0.1206115515,0.8122292729,0.9752737724,0.7258064516,0.9738863287
dacc,junin.temp_min,normal,local,2,glm,9.783,0.14,0.9359773371,0.6627013991,0.9235313006,0.9469483506,0.8742209632,0,0,0.5855855856,0.9863901491,0.8609271523,0.9429987608,0.8609271523,0.5855855856,0.6970509383,0.1257790368,0.07365439093,0.08555240793,0.7859878673,0.9717353303,0.6615384615,0.9749925573
dacc,junin.temp_min,smote,all,1,glm,33.289,0.44,0.899207248,0.6356162859,0.8842131569,0.9128593077,0.8742921857,0.0006665517,2.09E-23,0.9009009009,0.8989637306,0.5617977528,0.9843971631,0.5617977528,0.9009009009,0.6920415225,0.1257078143,0.1132502831,0.201585504,0.8999323157,0.970754278,0.9051282051,0.9134186254
dacc-temp,junin.temp_min,smote,local,1,rf,129.268,0.4,0.9077010193,0.6392331929,0.8932321376,0.9207979196,0.8742921857,0.000006242432375,0,0.8243243243,0.9196891192,0.5960912052,0.9732693626,0.5960912052,0.8243243243,0.6918714556,0.1257078143,0.1036240091,0.1738391846,0.8720067217,0.9957800258,1,0.9610235049
dacc-temp,junin.temp_min,normal,local,4,glm,9.218,0.18,0.9331444759,0.6547190769,0.9204720234,0.9443523919,0.8742209632,0,0.00000001959887972,0.5945945946,0.9818535321,0.825,0.9439252336,0.825,0.5945945946,0.6910994764,0.1257790368,0.07478753541,0.09065155807,0.7882240633,0.9646926359,0.6102564103,0.9758856803
dacc,junin.temp_min,smote,local,1,rpart,57.534,0.41,0.9071347678,0.6376203036,0.8926298457,0.9202697133,0.8742921857,0.000008906532609,0,0.8243243243,0.9190414508,0.5941558442,0.9732510288,0.5941558442,0.8243243243,0.6905660377,0.1257078143,0.1036240091,0.174405436,0.8716828876,0.9422878451,0.9025641026,0.8862756773
dacc-temp,junin.temp_min,smote,local,3,C5.0,41.074,0.41,0.9054360136,0.6364042085,0.8908238755,0.9186841817,0.8742921857,0.00002488741253,0,0.8378378378,0.9151554404,0.5867507886,0.9751552795,0.5867507886,0.8378378378,0.6901669759,0.1257078143,0.1053227633,0.1795016988,0.8764966391,0.9734929504,0.9717948718,0.9190235189
dacc,agua_amarga.temp_min,normal,all,2,rpart,18.386,0.26,0.9156285391,0.6403671581,0.9016808944,0.9281759991,0.855605889,1.07E-14,0.0139831578,0.6470588235,0.9609530113,0.7366071429,0.9416342412,0.7366071429,0.6470588235,0.6889352818,0.144394111,0.0934314836,0.1268403171,0.8040059174,0.9754096075,0.8447580645,0.9763368162
dacc,junin.temp_min,smote,all,2,rpart,71.405,0.44,0.8986409966,0.631876821,0.88361302,0.91232893,0.8742921857,0.0008668382,2.56E-22,0.8918918919,0.899611399,0.5609065156,0.983014862,0.5609065156,0.8918918919,0.6886956522,0.1257078143,0.1121177803,0.1998867497,0.8957516454,0.933270757,0.9435897436,0.8961309524
dacc,junin.temp_min,normal,all,1,C5.0,71.141,0.28,0.9246885617,0.6457676658,0.9113784303,0.9365659009,0.8742921857,5.75E-12,0.1653271542,0.6621621622,0.9624352332,0.7170731707,0.9519538757,0.7170731707,0.6621621622,0.6885245902,0.1257078143,0.0832389581,0.1160815402,0.8122986977,0.922230487,0.7205128205,0.9741148468
dacc,las_paredes.temp_min,smote,all,2,C5.0,422.216,0.38,0.8731596829,0.6095365378,0.8567334786,0.8883344659,0.8182332956,2.51E-10,5.41E-07,0.769470405,0.8961937716,0.6221662469,0.9459459459,0.6221662469,0.769470405,0.6880222841,0.1817667044,0.1398640997,0.224801812,0.8328320883,0.9808994099,0.9770723104,0.9434495759
dacc,agua_amarga.temp_min,normal,all,1,rpart,29.812,0.24,0.9178935447,0.6401378345,0.9041008643,0.9302779299,0.855605889,8.74E-16,0.0001334019,0.6235294118,0.9675711449,0.7644230769,0.9383825417,0.7644230769,0.6235294118,0.686825054,0.144394111,0.0900339751,0.1177802945,0.7955502784,0.9054277538,0.7762096774,0.9717357911
dacc,agua_amarga.temp_min,smote,local,2,rpart,42.02,0.41,0.892412231,0.6234904947,0.8770202154,0.9064860115,0.855605889,0.000002930254894,0,0.8156862745,0.9053606883,0.5925925926,0.9667844523,0.5925925926,0.8156862745,0.6864686469,0.144394111,0.1177802945,0.1987542469,0.8605234814,0.9438439291,0.8951612903,0.9047326368
dacc,las_paredes.temp_min,smote,local,1,rpart,29.722,0.42,0.8601359003,0.6000605133,0.8430779345,0.8759872526,0.8182332956,0.000001439098252,0,0.8411214953,0.8643598616,0.5793991416,0.9607692308,0.5793991416,0.8411214953,0.6861499365,0.1817667044,0.1528878822,0.2638731597,0.8527406785,0.9175205281,0.9153439153,0.841080402
dacc,agua_amarga.temp_min,smote,all,2,C5.0,301.293,0.37,0.9003397508,0.6259276108,0.8854138401,0.9139196509,0.855605889,1.27E-08,0.0003959654,0.7490196078,0.9258769027,0.6303630363,0.956254272,0.6303630363,0.7490196078,0.6845878136,0.144394111,0.1081540204,0.1715741789,0.8374482553,0.9826376841,0.9818548387,0.9449907806
dacc,agua_amarga.temp_min,normal,all,1,C5.0,121.503,0.28,0.912797282,0.6339541682,0.8986598064,0.9255446768,0.855605889,2.06E-13,0.090602467,0.6549019608,0.9563203177,0.7167381974,0.9425962166,0.7167381974,0.6549019608,0.6844262295,0.144394111,0.0945639864,0.1319365798,0.8056111392,0.9709562831,0.7701612903,0.9778801843
dacc-temp,junin.temp_min,smote,local,2,C5.0,34.119,0.45,0.8935447339,0.6243556497,0.8782177486,0.9075495269,0.8742921857,0.007126218199,0,0.9144144144,0.8905440415,0.5456989247,0.9863701578,0.5456989247,0.9144144144,0.6835016835,0.1257078143,0.1149490374,0.2106455266,0.9024792279,0.9697042888,0.9769230769,0.8892857143
dacc,agua_amarga.temp_min,normal,local,2,C5.0,95.657,0.24,0.9167610419,0.6351742184,0.9028905276,0.9292273194,0.855605889,3.10E-15,0.0001482300832,0.6196078431,0.9669093316,0.7596153846,0.9377406932,0.7596153846,0.6196078431,0.6825053996,0.144394111,0.08946772367,0.1177802945,0.7932585874,0.9001557636,0.7419354839,0.9643515673
dacc,las_paredes.temp_min,normal,local,2,rpart,22.206,0.19,0.9003397508,0.6239507338,0.8854138401,0.9139196509,0.8182332956,5.02E-22,1.96E-11,0.5856697819,0.9702422145,0.8138528139,0.9133550489,0.8138528139,0.5856697819,0.6811594203,0.1817667044,0.1064552661,0.130804077,0.7779559982,0.9140805902,0.6419753086,0.9732956331
dacc-temp,junin.temp_min,normal,local,3,glm,8.645,0.17,0.9314835787,0.6420442172,0.9186850868,0.9428244877,0.8742921857,0,0.00000000197317529,0.5765765766,0.9825129534,0.8258064516,0.9416511484,0.8258064516,0.5765765766,0.6790450928,0.1257078143,0.0724801812,0.08776896942,0.779544765,0.9644285158,0.6025641026,0.9764810956
dacc,junin.temp_min,normal,local,1,glm,9.23,0.15,0.9326160815,0.6416114982,0.9199059613,0.9438644534,0.8742921857,0,0,0.5630630631,0.9857512953,0.8503401361,0.9400864731,0.8503401361,0.5630630631,0.6775067751,0.1257078143,0.07078142695,0.0832389581,0.7744071792,0.9713849513,0.658974359,0.9764810956
dacc,junin.temp_min,smote,all,1,rpart,36.361,0.41,0.9037372593,0.621860594,0.8890192385,0.9170973065,0.8742921857,6.57E-05,5.22E-10,0.8018018018,0.9183937824,0.5855263158,0.9699042408,0.5855263158,0.8018018018,0.6768060837,0.1257078143,0.100792752,0.1721404304,0.8600977921,0.9716438179,0.941025641,0.9250223148
dacc,agua_amarga.temp_min,normal,local,1,rpart,15.581,0.24,0.9156285391,0.6289005537,0.9016808944,0.9281759991,0.855605889,1.07E-14,8.41E-05,0.6117647059,0.9669093316,0.7572815534,0.9365384615,0.7572815534,0.6117647059,0.6767895879,0.144394111,0.08833522084,0.1166477916,0.7893370187,0.9038064888,0.7762096774,0.957296467
dacc,agua_amarga.temp_min,normal,all,2,glm,23.866,0.25,0.9150622877,0.6283847291,0.9010763376,0.9276500768,0.855605889,1.96E-14,0.0002385635,0.6156862745,0.9655857048,0.7511961722,0.9370584457,0.7511961722,0.6156862745,0.6767241379,0.144394111,0.0889014723,0.1183465459,0.7906359897,0.9794273054,0.7600806452,0.9766441303
dacc,las_paredes.temp_min,normal,local,1,rpart,30.554,0.21,0.8969422424,0.6163481624,0.8818134155,0.9107369847,0.8182332956,3.00E-20,4.75E-09,0.5919003115,0.9647058824,0.7883817427,0.9140983607,0.7883817427,0.5919003115,0.6761565836,0.1817667044,0.107587769,0.1364665912,0.7783030969,0.8954023867,0.5273368607,0.9692211055
dacc,agua_amarga.temp_min,normal,local,2,glm,32.844,0.23,0.9167610419,0.6286190055,0.9028905276,0.9292273194,0.855605889,3.10E-15,3.86E-06,0.6,0.9702183984,0.7727272727,0.9349489796,0.7727272727,0.6,0.6754966887,0.144394111,0.08663646659,0.1121177803,0.7851091992,0.9716174386,0.7197580645,0.9735709896
dacc-temp,junin.temp_min,normal,local,2,rf,228.456,0.2,0.929218573,0.6366482426,0.9162460717,0.9407417918,0.8742921857,0,0.0000002129326989,0.5855855856,0.978626943,0.7975460123,0.9426076107,0.7975460123,0.5855855856,0.6753246753,0.1257078143,0.07361268403,0.09229898075,0.7821062643,1,1,1
dacc,agua_amarga.temp_min,normal,local,2,rf,5583.888,0.25,0.9150622877,0.6270705398,0.9010763376,0.9276500768,0.855605889,1.96E-14,0.0001242760672,0.6117647059,0.9662475182,0.7536231884,0.936497755,0.7536231884,0.6117647059,0.6753246753,0.144394111,0.08833522084,0.117214043,0.789006112,1,1,1
dacc,junin.temp_min,normal,all,2,rpart,32.071,0.28,0.9229898075,0.6311589707,0.9095564501,0.9349965218,0.8742921857,3.12E-11,0.0320543414,0.6351351351,0.9643782383,0.7193877551,0.9484076433,0.7193877551,0.6351351351,0.6746411483,0.1257078143,0.0798414496,0.1109852775,0.7997566867,0.9227762515,0.7282051282,0.9758928571
dacc,junin.temp_min,smote,all,2,C5.0,200.763,0.42,0.9014722537,0.6180511015,0.8866150757,0.9149794375,0.8742921857,0.0002196196,1.51E-11,0.8108108108,0.914507772,0.5769230769,0.9711141678,0.5769230769,0.8108108108,0.6741573034,0.1257078143,0.1019252548,0.1766704417,0.8626592914,0.980667735,0.9743589744,0.9464285714
dacc-temp,junin.temp_min,normal,local,3,rf,306.33,0.22,0.9280860702,0.6340200971,0.915027891,0.9396991028,0.8742921857,0,0.000001653533212,0.5900900901,0.9766839378,0.7844311377,0.9430894309,0.7844311377,0.5900900901,0.6735218509,0.1257078143,0.07417893545,0.09456398641,0.783387014,1,1,1
dacc,las_paredes.temp_min,normal,local,2,glm,39.362,0.14,0.9020385051,0.6184258841,0.8872159034,0.9155091194,0.8182332956,5.97E-23,1.66E-17,0.554517134,0.9792387543,0.8557692308,0.9082156611,0.8557692308,0.554517134,0.6729678639,0.1817667044,0.100792752,0.1177802945,0.7668779441,0.9551054128,0.6402116402,0.9651272385
dacc,agua_amarga.temp_min,normal,local,1,glm,26.018,0.22,0.9167610419,0.6259304835,0.9028905276,0.9292273194,0.855605889,3.10E-15,7.47E-07,0.5921568627,0.9715420251,0.7783505155,0.9338422392,0.7783505155,0.5921568627,0.6726057906,0.144394111,0.08550396376,0.1098527746,0.7818494439,0.9663136118,0.6774193548,0.9748079877
dacc-temp,junin.temp_min,normal,local,4,rf,1262.178,0.19,0.9297450425,0.6339558392,0.9168087117,0.9412293312,0.8742209632,0,0.000000005309417764,0.5720720721,0.9812054439,0.8141025641,0.9409571162,0.8141025641,0.5720720721,0.671957672,0.1257790368,0.07195467422,0.08838526912,0.776638758,1,1,1
dacc,las_paredes.temp_min,normal,all,2,C5.0,166.087,0.26,0.8907134768,0.6053389098,0.8752248498,0.9048897979,0.8182332956,3.08E-17,5.55E-05,0.6105919003,0.9529411765,0.7424242424,0.9167776298,0.7424242424,0.6105919003,0.6700854701,0.1817667044,0.1109852775,0.1494903737,0.7817665384,0.9106407995,0.7319223986,0.9497329563
dacc,junin.temp_min,normal,all,2,glm,25.188,0.24,0.9252548131,0.6268560196,0.9119861574,0.9370886228,0.8742921857,3.22E-12,8.98E-05,0.5990990991,0.9721502591,0.7556818182,0.9440251572,0.7556818182,0.5990990991,0.6683417085,0.1257078143,0.0753114383,0.0996602492,0.7856246791,0.9756318681,0.6871794872,0.9779761905
dacc,junin.temp_min,smote,local,4,C5.0,49.183,0.4,0.9065155807,0.6143251601,0.8919670243,0.9196955667,0.8742209632,0.00001261687462,0.00005161424525,0.7477477477,0.9293583927,0.6036363636,0.9624161074,0.6036363636,0.7477477477,0.6680080483,0.1257790368,0.0940509915,0.1558073654,0.8385530702,0.976185678,0.9666666667,0.9481988687
dacc,las_paredes.temp_min,normal,local,2,rf,5452.849,0.16,0.8997734994,0.610696378,0.88481343,0.9133895483,0.8182332956,1.01E-21,1.36E-16,0.5514018692,0.9771626298,0.8428571429,0.9074550129,0.8428571429,0.5514018692,0.6666666667,0.1817667044,0.1002265006,0.1189127973,0.7642822495,1,1,1
dacc,junin.temp_min,smote,all,1,C5.0,50.553,0.41,0.9026047565,0.6096114004,0.8878168723,0.916038659,0.8742921857,0.0001215876,1.43E-07,0.7702702703,0.9216321244,0.5856164384,0.9654002714,0.5856164384,0.7702702703,0.6653696498,0.1257078143,0.0968289921,0.1653454134,0.8459511973,0.982993462,0.9846153846,0.9413864921
dacc,agua_amarga.temp_min,normal,local,1,rf,563.272,0.25,0.9133635334,0.6162189188,0.8992636878,0.9260712804,0.855605889,1.16E-13,2.62E-05,0.5960784314,0.9669093316,0.7524752475,0.9341432225,0.7524752475,0.5960784314,0.6652078775,0.144394111,0.08607021518,0.114382786,0.7814938815,1,1,1
dacc,agua_amarga.temp_min,smote,local,1,rpart,8.586,0.48,0.8646659117,0.5884525604,0.8478220416,0.8802876125,0.855605889,0.146790887,0,0.9294117647,0.8537392455,0.5174672489,0.9862385321,0.5174672489,0.9294117647,0.6647966339,0.144394111,0.1342015855,0.2593431484,0.8915755051,0.8994335637,0.9616935484,0.8371735791
dacc-temp,junin.temp_min,normal,local,1,rf,105.31,0.24,0.9252548131,0.6220573548,0.9119861574,0.9370886228,0.8742921857,0,0.000009038611911,0.5855855856,0.9740932642,0.7647058824,0.9423558897,0.7647058824,0.5855855856,0.6632653061,0.1257078143,0.07361268403,0.09626274066,0.7798394249,1,1,1
dacc-temp,junin.temp_min,normal,local,2,glm,8.266,0.18,0.9286523216,0.6247596948,0.9156368728,0.940220557,0.8742921857,0,0.000000000789578676,0.5585585586,0.981865285,0.8157894737,0.9392812887,0.8157894737,0.5585585586,0.6631016043,0.1257078143,0.07021517554,0.08607021518,0.7702119218,0.9643513431,0.6051282051,0.9761904762
dacc-temp,junin.temp_min,normal,local,1,C5.0,17.724,0.21,0.926387316,0.6196311293,0.9132022247,0.9381334474,0.8742921857,0,0.00000008792803121,0.5675675676,0.9779792746,0.7875,0.9402241594,0.7875,0.5675675676,0.6596858639,0.1257078143,0.07134767837,0.0906002265,0.7727734211,0.9227164534,0.6564102564,0.9756024993
dacc-temp,junin.temp_min,normal,local,1,rpart,8.321,0.19,0.9275198188,0.6188034995,0.9144191239,0.9391774316,0.8742921857,0,0.000000001068703609,0.5540540541,0.9812176166,0.8092105263,0.93866171,0.8092105263,0.5540540541,0.6577540107,0.1257078143,0.06964892412,0.08607021518,0.7676358353,0.9106557877,0.5871794872,0.9723296638
dacc-temp,junin.temp_min,normal,local,2,rpart,9.166,0.19,0.9275198188,0.6188034995,0.9144191239,0.9391774316,0.8742921857,0,0.000000001068703609,0.5540540541,0.9812176166,0.8092105263,0.93866171,0.8092105263,0.5540540541,0.6577540107,0.1257078143,0.06964892412,0.08607021518,0.7676358353,0.9106452228,0.5871794872,0.9723214286
dacc-temp,junin.temp_min,normal,local,3,rpart,8.816,0.19,0.9275198188,0.6188034995,0.9144191239,0.9391774316,0.8742921857,0,0.000000001068703609,0.5540540541,0.9812176166,0.8092105263,0.93866171,0.8092105263,0.5540540541,0.6577540107,0.1257078143,0.06964892412,0.08607021518,0.7676358353,0.9106346516,0.5871794872,0.9723131884
dacc,las_paredes.temp_min,normal,all,1,rpart,47.183,0.18,0.8958097395,0.5981131562,0.8806143414,0.9096750209,0.8182332956,1.12E-19,9.89E-15,0.5482866044,0.9730103806,0.8186046512,0.9065119278,0.8186046512,0.5482866044,0.6567164179,0.1817667044,0.0996602492,0.1217440544,0.7606484925,0.9186865212,0.7001763668,0.9670226131
dacc,las_paredes.temp_min,normal,local,1,rf,642.747,0.17,0.8969422424,0.5991379418,0.8818134155,0.9107369847,0.8182332956,3.00E-20,1.91E-16,0.5420560748,0.9757785467,0.8325358852,0.9055876686,0.8325358852,0.5420560748,0.6566037736,0.1817667044,0.09852774632,0.1183465459,0.7589173107,1,1,1
dacc-temp,junin.temp_min,normal,local,1,glm,7.658,0.2,0.9269535674,0.6166799592,0.9138105692,0.9386555457,0.8742921857,0,0.000000002136598855,0.5540540541,0.9805699482,0.8039215686,0.9386236826,0.8039215686,0.5540540541,0.656,0.1257078143,0.06964892412,0.08663646659,0.7673120011,0.9632542207,0.6025641026,0.9776852127
dacc,las_paredes.temp_min,normal,local,1,glm,24.628,0.14,0.8980747452,0.5967596668,0.8830130181,0.9117984163,0.8182332956,7.86E-21,4.82E-20,0.5264797508,0.9806228374,0.8578680203,0.9031230083,0.8578680203,0.5264797508,0.6525096525,0.1817667044,0.09569648924,0.1115515289,0.7535512941,0.9540820283,0.6437389771,0.9638819095
dacc,junin.temp_min,normal,local,1,C5.0,22.93,0.2,0.926387316,0.6128473042,0.9132022247,0.9381334474,0.8742921857,0,0.00000000143324901,0.5495495495,0.9805699482,0.8026315789,0.9380421314,0.8026315789,0.5495495495,0.6524064171,0.1257078143,0.06908267271,0.08607021518,0.7650597489,0.9277595954,0.7564102564,0.9767926212
dacc,la_llave.temp_min,normal,all,2,C5.0,181.369,0.25,0.862400906,0.5673828932,0.8454492601,0.8781381642,0.7774631937,8.83E-20,1.65E-08,0.5776081425,0.9439184268,0.7467105263,0.8864569083,0.7467105263,0.5776081425,0.6513629842,0.2225368063,0.1285390713,0.1721404304,0.7607632846,0.9264346363,0.670487106,0.9718217562
dacc-temp,junin.temp_min,normal,local,4,rpart,14.366,0.29,0.9184135977,0.6046171557,0.9046527159,0.930763509,0.8742209632,0.00000000200630168,0.009785073204,0.6036036036,0.9637070642,0.7052631579,0.9441269841,0.7052631579,0.6036036036,0.6504854369,0.1257790368,0.07592067989,0.1076487252,0.7836553339,0.9832913489,0.7897435897,0.9830306639
dacc,las_paredes.temp_min,normal,all,2,rpart,22.011,0.19,0.8935447339,0.5882316464,0.8782177486,0.9075495269,0.8182332956,1.44E-18,6.01E-15,0.53894081,0.9723183391,0.8122065728,0.9047005795,0.8122065728,0.53894081,0.6479400749,0.1817667044,0.0979614949,0.1206115515,0.7556295745,0.9183936266,0.6984126984,0.9673264216
dacc-temp,junin.temp_min,smote,local,4,C5.0,34.039,0.44,0.8934844193,0.5817820205,0.8781493449,0.9074967545,0.8742209632,0.007124323977,0.000000003472705604,0.7612612613,0.9125081011,0.5559210526,0.9637234771,0.5559210526,0.7612612613,0.6425855513,0.1257790368,0.09575070822,0.1722379603,0.8368846812,0.9762093419,0.9615384615,0.9333134862
dacc,agua_amarga.temp_min,normal,local,1,C5.0,57.846,0.21,0.9122310306,0.5907599937,0.8980560901,0.9250179067,0.855605889,3.66E-13,1.31E-10,0.537254902,0.9755129054,0.7873563218,0.925879397,0.7873563218,0.537254902,0.6386946387,0.144394111,0.07757644394,0.09852774632,0.7563839037,0.904427122,0.6653225806,0.977265745
dacc,las_paredes.temp_min,normal,local,1,C5.0,70.102,0.16,0.8941109853,0.580479935,0.8788167047,0.9080810939,0.8182332956,7.66E-19,1.21E-19,0.5140186916,0.9785467128,0.8418367347,0.9006369427,0.8418367347,0.5140186916,0.6382978723,0.1817667044,0.09343148358,0.1109852775,0.7462827022,0.9136943536,0.5996472663,0.9773869347
dacc,la_llave.temp_min,normal,all,1,rpart,38.224,0.18,0.8674971687,0.5603871415,0.8507901127,0.8829723178,0.7774631937,3.64E-22,3.04E-20,0.5216284987,0.9664967225,0.8167330677,0.8759075908,0.8167330677,0.5216284987,0.6366459627,0.2225368063,0.1160815402,0.1421291053,0.7440626106,0.8994595949,0.5372492837,0.9613494923
dacc,la_llave.temp_min,normal,all,2,rpart,40.515,0.18,0.8674971687,0.5603871415,0.8507901127,0.8829723178,0.7774631937,3.64E-22,3.04E-20,0.5216284987,0.9664967225,0.8167330677,0.8759075908,0.8167330677,0.5216284987,0.6366459627,0.2225368063,0.1160815402,0.1421291053,0.7440626106,0.8994419085,0.5372492837,0.9613368283
dacc,junin.temp_min,normal,all,1,rpart,26.161,0.26,0.919592299,0.5916749709,0.9059177175,0.9318524851,0.8742921857,7.42E-10,0.000008681,0.5585585586,0.9715025907,0.7380952381,0.9386733417,0.7380952381,0.5585585586,0.6358974359,0.1257078143,0.0702151755,0.0951302378,0.7650305746,0.9859329107,0.8564102564,0.9854210057
dacc,junin.temp_min,normal,local,2,rpart,16.277,0.2,0.9240793201,0.5954991996,0.9107207168,0.9360065171,0.8742209632,0,0,0.527027027,0.9812054439,0.801369863,0.9351451513,0.801369863,0.527027027,0.6358695652,0.1257790368,0.06628895184,0.08271954674,0.7541162355,0.9315226601,0.7692307692,0.9824352486
dacc,agua_amarga.temp_min,smote,local,2,C5.0,80.473,0.44,0.8771234428,0.5619609125,0.8608998047,0.8920819665,0.855605889,0.004856553761,0.00000002598729218,0.737254902,0.9007279947,0.5562130178,0.9530812325,0.5562130178,0.737254902,0.6340640809,0.144394111,0.1064552661,0.1913929785,0.8189914483,0.9848573468,0.9838709677,0.9486785495
dacc,junin.temp_min,normal,local,2,C5.0,31.033,0.21,0.9229898075,0.5913344722,0.9095564501,0.9349965218,0.8742921857,0,0.0000000003857228274,0.527027027,0.9799222798,0.7905405405,0.935105068,0.7905405405,0.527027027,0.6324324324,0.1257078143,0.06625141563,0.08380520951,0.7534746534,0.926944826,0.741025641,0.9764880952
dacc-temp,junin.temp_min,smote,local,3,rpart,15.167,0.53,0.8595696489,0.5574274755,0.8424853271,0.8754492996,0.8742921857,0.9699501255,0,0.9594594595,0.8452072539,0.4712389381,0.9931506849,0.4712389381,0.9594594595,0.6320474777,0.1257078143,0.1206115515,0.2559456399,0.9023333567,0.8945588202,0.9692307692,0.8198868711
dacc,junin.temp_min,normal,local,1,rpart,14.566,0.18,0.9246885617,0.5920911412,0.9113784303,0.9365659009,0.8742921857,0,0,0.5135135135,0.9838082902,0.8201438849,0.9336201598,0.8201438849,0.5135135135,0.6315789474,0.1257078143,0.06455266138,0.07870894677,0.7486609018,0.9300150381,0.7435897436,0.9836260792
dacc-temp,junin.temp_min,smote,local,1,rpart,17.297,0.53,0.8584371461,0.556229671,0.841300378,0.8743731266,0.8742921857,0.9782515888,0,0.963963964,0.8432642487,0.4692982456,0.9938931298,0.4692982456,0.963963964,0.6312684366,0.1257078143,0.1211778029,0.2582106455,0.9036141063,0.8945555734,0.9717948718,0.8173162749
dacc-temp,junin.temp_min,smote,local,2,rpart,14.468,0.54,0.8550396376,0.5503590396,0.8377476241,0.8711425038,0.8742921857,0.992524739,0,0.9684684685,0.8387305699,0.463362069,0.9946236559,0.463362069,0.9684684685,0.6268221574,0.1257078143,0.1217440544,0.2627406569,0.9035995192,0.8911973443,0.9743589744,0.8080357143
dacc,las_paredes.temp_min,normal,local,2,C5.0,89.368,0.19,0.8878822197,0.5576969295,0.8722350091,0.9022269903,0.8182332956,5.72E-16,8.03E-18,0.5015576324,0.9737024221,0.8090452261,0.8978940651,0.8090452261,0.5015576324,0.6192307692,0.1817667044,0.09116647792,0.1126840317,0.7376300273,0.9158642058,0.6119929453,0.9770656613
dacc,agua_amarga.temp_min,normal,local,2,rpart,40.593,0.21,0.9088335221,0.5651191033,0.8944371818,0.9218538681,0.855605889,9.76E-12,4.15E-13,0.5019607843,0.9774983455,0.7901234568,0.9208229426,0.7901234568,0.5019607843,0.6139088729,0.144394111,0.0724801812,0.09173272933,0.7397295649,0.9107323864,0.7641129032,0.9818684696
dacc-temp,junin.temp_min,normal,local,3,C5.0,26.716,0.19,0.9218573046,0.5718411806,0.9083427776,0.9339492786,0.8742921857,0,0,0.490990991,0.9838082902,0.8134328358,0.9307598039,0.8134328358,0.490990991,0.6123595506,0.1257078143,0.0617214043,0.07587768969,0.7373996406,0.9664594163,0.5641025641,0.9866031557
dacc,junin.temp_min,normal,local,1,rf,1824.133,0.15,0.9235560589,0.5722068107,0.9101635787,0.9355198483,0.8742921857,0,0,0.4774774775,0.9876943005,0.848,0.9293113955,0.848,0.4774774775,0.6109510086,0.1257078143,0.06002265006,0.07078142695,0.732585889,1,1,1
dacc,junin.temp_min,normal,local,2,rf,2321.41,0.13,0.9246458924,0.5724360644,0.9113285827,0.9365297417,0.8742209632,0,0,0.4684684685,0.9902786779,0.8739495798,0.9283110571,0.8739495798,0.4684684685,0.6099706745,0.1257790368,0.05892351275,0.06742209632,0.7293735732,1,1,1
dacc,junin.temp_min,normal,all,2,C5.0,142.154,0.25,0.9173272933,0.5651977416,0.9034956072,0.9297527142,0.8742921857,5.28E-09,1.13E-08,0.5135135135,0.975388601,0.75,0.9330855019,0.75,0.5135135135,0.6096256684,0.1257078143,0.0645526614,0.0860702152,0.7444510573,0.9576949786,0.5846153846,0.9919642857
dacc,las_paredes.temp_min,normal,all,1,C5.0,101.546,0.21,0.8844847112,0.5455859538,0.868651096,0.8990277005,0.8182332956,1.58E-14,7.97E-17,0.4953271028,0.9709342561,0.7910447761,0.896485623,0.7910447761,0.4953271028,0.6091954023,0.1817667044,0.0900339751,0.1138165345,0.7331306794,0.915326467,0.7142857143,0.9751884422
dacc-temp,junin.temp_min,normal,local,2,C5.0,21.775,0.17,0.9207248018,0.5574124993,0.9071298717,0.9329012613,0.8742921857,0.0000000002659262465,0,0.4684684685,0.9857512953,0.8253968254,0.9280487805,0.8253968254,0.4684684685,0.5977011494,0.1257078143,0.05889014723,0.07134767837,0.7271098819,0.9196581197,0.5538461538,0.9860119048
dacc,junin.temp_min,normal,local,4,C5.0,51.071,0.2,0.91898017,0.5552691257,0.9052586722,0.9312886616,0.8742209632,0.000000001223800401,0,0.4774774775,0.9825016202,0.7969924812,0.9289215686,0.7969924812,0.4774774775,0.5971830986,0.1257790368,0.06005665722,0.07535410765,0.7299895488,0.9280551294,0.7435897436,0.9788627568
dacc,la_llave.temp_min,smote,all,2,C5.0,581.949,0.34,0.8329558324,0.4716746545,0.8147258973,0.8500719593,0.7774631937,4.20E-09,4.43E-08,0.5038167939,0.9271667881,0.6644295302,0.8671662125,0.6644295302,0.5038167939,0.5730824891,0.2225368063,0.1121177803,0.1687429219,0.715491791,0.9838609282,0.9871060172,0.9596985583
dacc-temp,junin.temp_min,normal,local,4,C5.0,31.782,0.17,0.9178470255,0.5293290053,0.9040469406,0.9302381737,0.8742209632,0.000000003264899912,0,0.4324324324,0.9876863253,0.8347826087,0.9236363636,0.8347826087,0.4324324324,0.5697329377,0.1257790368,0.05439093484,0.06515580737,0.7100593789,0.9637731773,0.5102564103,0.9934504317
dacc,junin.temp_min,normal,local,3,C5.0,41.609,0.19,0.9105322763,0.4730747441,0.896245918,0.9234366114,0.8742921857,0.0000009566562447,0,0.3783783784,0.9870466321,0.8076923077,0.916967509,0.8076923077,0.3783783784,0.5153374233,0.1257078143,0.04756511891,0.05889014723,0.6827125053,0.9248009557,0.5820512821,0.9886871093
dacc,junin.temp_min,smote,all,1,rf,444.755,0.33,0.9280860702,0.7062580055,0.915027891,0.9396991028,0.8742921857,1.58E-13,2.65E-07,0.8468468468,0.9397668394,0.6690391459,0.9771043771,0.6690391459,0.8468468468,0.7475149105,0.1257078143,0.1064552661,0.1591166478,0.8933068431,0.9976971902,1,0.9586432609
dacc,junin.temp_min,smote,all,2,rf,2160.662,0.33,0.9280860702,0.7072716784,0.915027891,0.9396991028,0.8742921857,1.58E-13,1.01E-07,0.8513513514,0.939119171,0.667844523,0.9777478085,0.667844523,0.8513513514,0.7485148515,0.1257078143,0.1070215176,0.1602491506,0.8952352612,0.997527091,1,0.9568452381
dacc,junin.temp_min,normal,all,1,rf,796.578,0.17,0.9354473386,0.669342706,0.9229623073,0.9464601607,0.8742921857,2.27E-17,9.37E-08,0.6126126126,0.981865285,0.8292682927,0.9463171036,0.8292682927,0.6126126126,0.7046632124,0.1257078143,0.07701019253,0.09286523216,0.7972389488,1,1,1
dacc,junin.temp_min,normal,all,2,rf,1913.955,0.17,0.933182333,0.6532230151,0.9205167496,0.9443840814,0.8742921857,4.05E-16,6.65E-09,0.5900900901,0.9825129534,0.8291139241,0.9434079602,0.8291139241,0.5900900901,0.6894736842,0.1257078143,0.07417893545,0.08946772367,0.7863015217,1,1,1