"","y_real","y_pred"
"1",4.65,6.45164722567787
"2",7.75,6.34204547668789
"3",2.39,6.56021557231585
"4",-1.68,0.768171213515447
"5",-1.55,-0.764218421152302
"6",-0.99,-0.302358559294884
"7",-3.44,-1.33025974315681
"8",-1.37,-0.9672364078927
"9",-0.05,0.782148109916722
"10",-1.35,1.27414064832494
"11",1.24,2.09073659220877
"12",-2.52,2.90354425634182
"13",-3.72,-2.15741451278551
"14",-0.89,-0.0812248159068176
"15",-1.7,0.082603203650374
"16",0.03,0.203766930905797
"17",-0.05,2.53011581588491
"18",-0.96,-0.233856435617222
"19",-1.7,-1.53960548987337
"20",-0.07,-1.018905654846
"21",-5.05,-0.595639476429663
"22",-4.33,-3.78989043367578
"23",-4.31,-2.93267523385951
"24",-1.25,-0.682442371235907
"25",-2.27,0.801126726459474
"26",-2.09,-1.13544854921903
"27",-1.73,0.205873060654253
"28",-3.8,-1.53155783215414
"29",-4.71,-2.05812658915009
"30",1.08,-1.22989161656596
"31",0.95,1.35155716464731
"32",0.03,1.79584306021711
"33",2.83,1.4859165384409
"34",6.47,3.78238152013419
"35",3.67,5.51681907506207
"36",7.39,4.55406762123088
"37",-0.86,4.77698955340594
"38",-0.56,1.28980471138111
"39",3.31,0.965074836781001
"40",-5.2,-0.639742274901423
"41",-2.88,-4.34408784715006
"42",-5.48,-4.17956647161711
"43",-4.54,-5.21173565323054
"44",-3.21,-2.73949763147797
"45",-3.92,-2.67302878212334
"46",-3.87,-3.08938453283262
"47",-3.62,-3.17426679318021
"48",-2.29,-1.65309543350209
"49",0.21,-1.83645205343976
"50",-5.55,0.300390342496765
"51",-4.28,-3.82600881292214
"52",-4.43,-2.73490141144613
"53",-4.74,-3.22952665376342
"54",-4.05,-3.32292796082957
"55",1.36,-0.927683476218306
"56",1.08,-0.248538807546774
"57",-2.85,-0.916449107991543
"58",-1.96,-2.63469300154726
"59",-0.63,-2.80904821382574
"60",-2.34,-1.34527293696086
"61",-3.87,-1.99820239645251
"62",-0.89,-1.08808221085949
"63",-3.72,-0.803196326881488
"64",-5.98,-5.09714689237784
"65",-3.85,-5.5343492732714
"66",-5.02,-4.2689895110581
"67",-5.17,-4.37253542792993
"68",-0.51,-4.57929836316698
"69",-4.08,-2.15689776417174
"70",-1.4,-3.34342027683543
"71",2.72,-3.51166825718101
"72",-4.77,-1.06668972591761
"73",-8.02,-4.64359334910716
"74",-6.59,-6.10979274416266
"75",-4.43,-7.2651597185438
"76",-11.29,-6.08305688243975
"77",-10.78,-10.2895493345947
"78",-9.84,-8.98625339337495
"79",-5.22,-8.00135308863287
"80",-4.26,-4.51420348631743
"81",-8.57,-5.74822473907304
"82",-10.45,-9.8477083961361
"83",-12,-10.5757652852023
"84",-11.26,-12.0754546943221
"85",-11.54,-12.2790350775316
"86",-10.71,-10.5163989084305
"87",-9.61,-8.03376672843266
"88",-5,-6.10517720764443
"89",-5.2,-3.73704961208921
"90",-3.75,-2.05875826081403
"91",-4.36,-3.71264126569845
"92",-4.43,-3.24981685714548
"93",-3.44,-2.48133392643142
"94",-5.25,-2.9336692069984
"95",3.08,-3.03770672049071
"96",-4.56,-0.875764661042579
"97",-7.51,-5.23329044633239
"98",1.98,-7.34816266713448
"99",-1.63,-3.05424916329007
"100",-6.19,-4.33032446311678
"101",-7.38,-5.13288604612136
"102",-7.03,-6.22662614326233
"103",-6.62,-5.57049039156848
"104",-5.98,-3.9553245632402
"105",-4.03,-4.56088138384434
"106",-6.21,-3.01804272191206
"107",-7.23,-6.13580055002735
"108",-5.25,-6.31669736773396
"109",1.7,-4.96010034141606
"110",-1.4,-4.29305124158358
"111",-3.41,-4.00782751823606
"112",-3.29,-6.22581931762294
"113",-3.87,-4.68952048147134
"114",-7.18,-6.07387212392729
"115",-7.58,-7.4448353606586
"116",0.59,-6.5647519571391
"117",-3.34,-0.793376339340546
"118",-3.08,-2.15088329757661
"119",-1.91,-2.9696187034927
"120",-2.78,-1.39382527343256
"121",4.42,-0.80051916049031
"122",-1.37,3.10427395107332
"123",-1.32,0.818618927636805
"124",1.59,-0.0174012201660532
"125",-5.25,0.492079581710177
"126",-3.72,-4.40295151735658
"127",-0.58,-3.2285596599658
"128",-3.34,-2.2841946956409
"129",0.34,-2.67175850653931
"130",-1.93,-3.9024597203698
"131",-6.72,-5.35331061310356
"132",-5.1,-7.38217118210926
"133",-6.31,-6.58218850869832
"134",-5.32,-5.63366761890837
"135",-4.33,-4.93921055503912
"136",-1.19,-4.58633769304663
"137",-3.39,-2.44398743694008
"138",-2.21,-3.57220551534691
"139",-3.57,-1.84905317247851
"140",-5.38,-3.85053444538713
"141",-6.26,-2.79921446278543
"142",-5.91,-4.79758737188867
"143",-4.59,-4.22457096015726
"144",-3.21,-3.02345970387099
"145",-1.17,-0.669925374676401
"146",1.21,-0.770081390993037
"147",-5.88,-0.431953475494124
"148",-3.77,-4.33292334764437
"149",-4.13,-3.93136237726919
"150",-4.08,-2.96443075417825
"151",-0.56,-2.71564024570633
"152",0.57,2.58151682077313
"153",-2.57,1.24821179595282
"154",-1.25,0.132818264694274
"155",4.52,2.69522515866173
"156",0.62,4.29354765633113
"157",1.65,1.99780540571795
"158",8.03,3.7023990580092
"159",0.13,6.8058244844363
"160",-2.9,-1.90608594825912
"161",-2.32,-2.38128963703779
"162",-0.51,0.357973678736404
"163",-0.4,1.8407872103785
"164",5.72,2.81259500124731
"165",-0.38,0.396942852674582
"166",-0.68,-1.31625289339941
"167",1.7,0.983174963642532
"168",4.7,4.24036960303202
"169",5.11,5.63142625168186
"170",6.95,6.53294424160441
"171",4.31,9.83342157120787
"172",3.95,3.5631768760433
"173",2.77,4.30327065761849
"174",-0.07,3.18159660759306
"175",-0.25,0.13171895240059
"176",2.93,1.00113809981842
"177",5.72,4.73991196551751
"178",5.65,5.81049315960736
"179",7.59,6.75104647416863
"180",5.06,5.32908673559723
"181",0.03,1.19119504011332
"182",1.42,0.0921761896172945
"183",7.88,4.0696123044473
"184",7.13,5.37235213076013
"185",6.67,1.74458500735149
"186",6.88,1.39795067995092
"187",0.57,3.3982443803791
"188",2.47,2.6657478315744
"189",7.54,1.50032698648603
"190",6.34,4.77429205897751
"191",6.42,5.26091046639487
"192",7.16,6.57983701401497
"193",7.57,8.06447939511939
"194",11.85,7.55684186054107
"195",9.16,6.04571758631532
"196",11.65,6.92703835386116
"197",5.98,7.07956617707594
"198",9,4.7777077064973
"199",6,6.7264608238269
"200",6.8,5.73890167904892
"201",7.18,3.98317850924184
"202",4.03,4.42816782593637
"203",4.9,4.1819207684916
"204",5.9,5.71731777779297
"205",7.7,6.13448320135871
"206",9.24,8.36349922191541
"207",11.7,9.17824977515032
"208",8.18,9.1817827956215
"209",8.7,8.46919251875337
"210",13.29,10.7177518268867
"211",10.29,12.4109778858471
"212",10.47,9.10206400786909
"213",1.52,6.30999835055662
"214",1.9,1.39401057092333
"215",6.85,5.12472910393564
"216",11.88,7.93707564986545
"217",8.8,7.14589533917855
"218",9.49,7.99699944298211
"219",13.93,9.20033113298833
"220",11.95,10.6804472356802
"221",12.59,9.8229555053705
"222",11.95,10.5132126539111
"223",10.16,7.94236639675252
"224",7.93,7.37515678914553
"225",7.47,6.51217091177887
"226",8.16,8.28726827782606
"227",13.08,9.55814640392565
"228",13.31,11.3595308204129
"229",12.39,10.1742122951782
"230",10.9,9.33286666302823
"231",15.57,11.45391388772
"232",10.83,11.4209947663811
"233",12.34,11.1857040736306
"234",5.42,5.39892869690977
"235",9.29,6.23046507996781
"236",11.75,9.88584853576647
"237",13.85,10.9346913230461
"238",13.08,9.96956150425779
"239",12.29,10.5261659785427
"240",9.88,10.0074826880616
"241",11.77,9.92168183557999
"242",10.54,10.7093565459666
"243",11,10.773093925106
"244",15.57,11.7501380867043
"245",10.13,12.1944169807772
"246",8.62,7.9772547416404
"247",9.29,9.50224404295526
"248",9.9,9.63137555819526
"249",11.62,9.783173811041
"250",10.03,9.91248930424298
"251",11.44,11.1618163439138
"252",14.36,12.0259329542475
"253",12.08,13.2924455066819
"254",13.34,12.3388654798403
"255",11.98,11.8063615236711
"256",11.93,8.53618104579539
"257",7.49,4.56308153390146
"258",5.03,5.10959734118124
"259",8,5.97393252283469
"260",12.13,10.0861279518443
"261",19.33,13.4441781276892
"262",17.71,15.8579537972072
"263",16.11,14.9745932553668
"264",12.77,13.6508948222682
"265",13.59,13.24490585801
"266",13.9,14.7344813711064
"267",14.49,14.5888033787455
"268",16.91,15.0516857026704
"269",14,14.5873019206174
"270",15.98,12.5874365698762
"271",14.42,12.3689014885671
"272",13.54,13.3282409362119
"273",16.32,14.3455924304283
"274",16.27,14.4096155444397
"275",13.49,11.3544317609418
"276",9.36,10.2585596614941
"277",11.65,9.81336094621063
"278",14.47,12.5484154903059
"279",17.04,14.13536326589
"280",15.88,14.4164826947194
"281",15.21,13.2073054061558
"282",15.96,11.8655373699247
"283",13.67,12.8425527851714
"284",15.55,12.7728977790973
"285",14.11,12.9875187028361
"286",15.65,11.7978467226085
"287",16.4,13.0907185254552
"288",13.75,13.5156068041193
"289",15.75,10.1011876616256
"290",10.75,11.1057482927164
"291",13.31,11.1344295372883
"292",13.98,12.8582783468402
"293",15.19,13.8331673917814
"294",15.98,14.6771562932073
"295",14.65,15.2227081489917
"296",12.16,11.1459664789631
"297",9.8,9.7866259460398
"298",12.83,9.67921855773681
"299",13.67,12.5910850952267
"300",16.4,13.8184755451882
"301",18.66,15.5194571041582
"302",14.7,13.7247164539603
"303",11.59,14.8865813598734
"304",10.83,9.38792665100915
"305",8.65,9.22855364816647
"306",10.77,9.80248881901081
"307",13.54,11.5137781372419
"308",16.32,12.7782625820327
"309",16.11,13.0018746663352
"310",16.71,14.1821402149054
"311",16.73,14.9586545341806
"312",20.16,15.0387671438924
"313",17.97,15.8203085520931
"314",14.39,15.6920967868289
"315",13.08,11.1301356616336
"316",15,12.2050778694406
"317",9.42,10.6834179037073
"318",10.7,10.004008909498
"319",8.44,6.78884095962717
"320",11.34,9.14496451640757
"321",14.31,10.8248786910096
"322",8.31,10.3749263830412
"323",10.47,9.67260734525143
"324",7.95,9.75374297324343
"325",2.26,5.3694235518469
"326",4.54,3.83949999741825
"327",6.57,6.25827525051234
"328",9.34,9.01314117298238
"329",10.52,10.8984129473628
"330",14.39,11.3800813059116
"331",11.21,12.3332500206367
"332",17.81,11.6904771956963
"333",14.75,15.7896684507647
"334",18.56,15.2106178263421
"335",14.65,13.3673824595396
"336",14.16,13.4551198976739
"337",9.77,10.0980496024489
"338",8.95,8.42503558890072
"339",8.85,8.77632046127032
"340",9.85,9.89011245676709
"341",10.59,10.8590324343585
"342",10.62,11.0338183919518
"343",15.47,11.0990556655321
"344",14.49,11.0866664249819
"345",13.34,11.2004223770613
"346",13.08,10.0426292127546
"347",5.95,9.52275211529206
"348",5.62,6.33466415042634
"349",7.83,7.02808033720023
"350",3.8,6.40605213298259
"351",5.21,3.12804795949717
"352",-1.04,2.54693771431856
"353",2.44,2.49065806361319
"354",3.59,5.05103625579674
"355",4.77,5.5185949836327
"356",6.75,6.96506646063906
"357",12.49,8.79377058420746
"358",6.21,8.36555999107787
"359",6.95,7.68103734662891
"360",3.93,8.04749516607291
"361",-0.02,0.164745658212788
"362",2.36,2.94703799831823
"363",3.24,5.26152409434979
"364",5.44,3.28824993878551
"365",5.26,4.14139062950133
"366",9.24,6.16817823684353
"367",7.34,8.01239328202933
"368",9.24,8.65849811289157
"369",9.16,9.10233705444917
"370",7.57,7.71957158295536
"371",8.52,8.15416834048078
"372",8.9,8.16060498494846
"373",6.83,8.84941591472791
"374",9.65,7.85573189497729
"375",3.34,5.60221874238712
"376",10.98,5.15479562528503
"377",0.54,3.74729956167675
"378",0.11,0.19383091743954
"379",7.85,0.748651153206518
"380",9.83,4.01617521373754
"381",6.49,6.45126969369467
"382",3.98,4.00989146861777
"383",1.34,1.01555535881317
"384",-3.13,1.1141201986452
"385",-2.6,-2.45746818468454
"386",-1.04,-1.34010780880619
"387",-0.76,-0.385535977789836
"388",-0.02,0.552753044861007
"389",1.26,1.84165788346608
"390",1.98,2.65794224456312
"391",3.85,3.70526001006005
"392",5.08,4.48398159750007
"393",6.59,4.22543170839076
"394",2.95,4.45841841531474
"395",2.85,3.63237419630872
"396",-0.84,1.11888181888955
"397",-1.4,-0.245979766789399
"398",-2.88,-3.02014032407907
"399",-1.81,-2.10623637730357
"400",-2.09,-1.43931115015968
"401",-0.68,-1.17391006768025
"402",-0.2,-0.0388979210170293
"403",3.83,0.346283762056159
"404",-1.32,0.0790662787829222
"405",-1.35,-1.7529208230641
"406",0.59,-2.82908993475937
"407",-4.15,-1.24043424850377
"408",-3.01,-3.18496098905445
"409",-2.37,-3.95122222160589
"410",-2.21,-1.44131832950175
"411",-0.86,-0.784449021801962
"412",8.36,1.08091741301593
"413",3.44,5.53614358402463
"414",3.93,4.80028884999953
"415",-0.35,3.76495325031641
"416",-1.37,-0.412957101354785
"417",0,-0.867506592804412
"418",1.42,-0.628079544599972
"419",-1.6,1.66936587352985
"420",-1.88,-3.01499871350649
"421",-7.38,-5.00736052795679
"422",-6.82,-6.23186446280797
"423",-9.31,-9.29167768601302
"424",-9.08,-9.68535336687279
"425",-7.23,-8.35462682814485
"426",-5.48,-8.73635746587211
"427",-6.59,-3.69739463181025
"428",-3.11,-6.23539673717238
"429",5.06,-1.9152058276846
"430",-1.4,3.45109756717513
"431",-4.05,-2.1120609259965
"432",2.7,-5.08225007181129
"433",-0.94,-3.71981105127408
"434",-5.27,-3.43233785905251
"435",-5.98,-4.81242655587775
"436",-4.18,-4.49631209364183
"437",-4.38,-5.00814980638679
"438",-4.2,-4.95912290893352
"439",-4.97,-3.86513271460453
"440",-6.9,-3.00266913991672
"441",-7.23,-4.83554012687984
"442",-7.1,-7.07771657875578
"443",-4.87,-5.52511469997399
"444",2.26,-3.20199156918643
"445",0.77,1.15767764912062
"446",2.9,0.507513153874767
"447",2.65,1.5470386181982
"448",-1.25,2.23047303051365
"449",-5.98,-0.937921227131089
"450",-5.81,-6.24779435110511
"451",-4.79,-6.32949720767924
"452",-5.38,-8.36017342165626
"453",-7.61,-7.81777486552491
"454",-7.08,-7.81191991597079
"455",-5.63,-5.29790698810753
"456",-4.56,-6.22877210108974
"457",-7.33,-7.90099360084749
"458",-5.91,-6.21222305667817
"459",-5.32,-5.05385441012846
"460",-4.2,-5.05591079980854
"461",-3.29,-4.74643060755925
"462",-6.82,-4.41965034523695
"463",-5.65,-5.85403307886755
"464",-4.48,-4.69069769388617
"465",-4.92,-2.72804022221278
"466",-3.69,-3.54137638110337
"467",5.49,-2.95203234240162
"468",-2.7,0.808467273354923
"469",-3.41,-2.96764102989286
"470",-2.83,-3.00843977385215
"471",-8.27,-5.22609497087046
"472",-5.88,-7.06547231402271
"473",-7.58,-6.79623464416858
"474",-7.1,-7.00802526933186
"475",-4.2,-3.69156575262991
"476",-10.05,-5.14469115958256
"477",-5.83,-8.92173304403051
"478",-7.79,-5.97896026340165
"479",-7.76,-8.01928605765491
"480",-2.06,-5.66696956634995
"481",-3.44,-3.37852693149213
"482",-2.83,-4.21547038872857
"483",-1.5,-3.71171429065939
"484",0.93,-1.47728524873126
"485",-1.7,-1.40637838299146
"486",-3.67,-0.574675928274925
"487",-2.5,-1.12761590993187
"488",-4.87,-3.25539300016112
"489",-5.81,-4.71540303694177
"490",-4.54,-3.90599707700164
"491",-4.15,-4.18905000488851
"492",-3.97,-2.50367691756751
"493",-2.83,-3.62538010817477
"494",7.85,-0.57508049939243
"495",1.26,3.08763653362971
"496",-1.83,0.0659499475767522
"497",0.49,-1.59044502991399
"498",-1.86,-0.698202097291964
"499",3.62,-0.693391309395815
"500",0.62,0.361045875869787
"501",-0.56,-2.74254382781046
"502",-1.73,-4.54554810932163
"503",0.93,-5.98035844351159
"504",-4.38,-2.69678477812426
"505",-3.01,-4.92693155854039
"506",-2.37,-3.46564463430708
"507",-2.29,-1.88061124305028
"508",-2.21,-0.691961322895907
"509",-1.58,0.111490677750804
"510",1.72,1.90101807818214
"511",4.13,2.52067358889763
"512",4.52,3.8283751073519
"513",9.54,3.84048810503513
"514",8.9,5.38700132233676
"515",4.06,6.24335264018283
"516",9.26,3.55742418082633
"517",4.88,3.10829387560035
"518",2.26,2.96090124864016
"519",0.62,2.57301817767173
"520",5.31,2.41517231488685
"521",3.44,4.49217030282347
"522",5,4.66950137904573
"523",5.85,5.90415630585012
"524",1.57,2.45142308627323
"525",5.59,1.90180663879921
"526",2.7,2.70888309197577
"527",-2.01,0.522317087493273
"528",1.31,-2.26593246502696
"529",-0.2,1.9426677598663
"530",-1.25,-0.907154102699907
"531",1.67,0.327340466796669
"532",6.34,3.09245459704502
"533",-1.27,1.84702357713519
"534",-2.06,-2.52662218989088
"535",-0.45,-1.48365317744747
"536",8.42,-0.884196679487759
"537",1.06,3.96973330468658
"538",3.65,2.92630111793861
"539",9.39,3.06282103613228
"540",2.83,2.62916334308576
"541",0.24,0.838508064559858
"542",1.21,0.893158325311679
"543",7.26,2.83147245434379
"544",9.24,4.59110482240421
"545",6.65,5.60397541632271
"546",6.31,4.39006311618948
"547",6.26,3.5224133397657
"548",9.26,3.66039771484826
"549",4.98,5.08293872460689
"550",4.7,4.49966951744336
"551",6.85,4.99217605734934
"552",10.36,7.06425536739476
"553",5.85,8.1190104193777
"554",3.49,3.82352543721602
"555",4.83,3.46623772830356
"556",5.29,4.80143886123951
"557",10.39,6.57580269210007
"558",11.08,7.71547649563332
"559",9.77,6.46323992395819
"560",7.77,6.56970215749833
"561",3.34,2.82477389868131
"562",5.62,1.72505188988243
"563",3.34,3.49460101235084
"564",6.34,4.62789796533147
"565",10.03,6.42495540906378
"566",4.93,5.09606719432394
"567",13.9,5.9266199066878
"568",11.36,10.2577478159419
"569",7.24,7.88382308341485
"570",12.77,7.4719570183585
"571",7.13,8.12237115946378
"572",11.77,7.50506454301413
"573",7.36,7.63233317390595
"574",11.47,8.65349783742463
"575",13.11,11.614392255422
"576",11.77,12.0559695304473
"577",12.24,12.0514642631776
"578",11.49,12.4337463049636
"579",8.52,6.56620019677128
"580",4.98,3.88675765943736
"581",7.83,4.41779991814565
"582",8,6.38077580767769
"583",10.29,7.89359337966551
"584",10.16,9.08645067302646
"585",12.42,10.0166949005386
"586",11.54,10.1444571034398
"587",13.77,9.70400507264846
"588",9.34,8.90540240032377
"589",12.39,9.70273942017251
"590",14.72,10.7185440114127
"591",11.83,12.7817975255507
"592",5.21,7.75636372128739
"593",5.08,4.03852046939616
"594",5.59,3.63396832236564
"595",12.67,7.27130907898307
"596",11.42,10.5837725219566
"597",13.9,10.9048244960235
"598",14.59,10.4884569534525
"599",11.34,10.5685033073012
"600",8.36,7.58555728576841
"601",12.85,8.99481334317625
"602",16.55,13.0341740479241
"603",15.26,13.8337934942363
"604",14,11.8407539811617
"605",16.99,12.8383880519967
"606",7.77,12.7454335994897
"607",6.18,4.71232334339843
"608",9.75,7.9032625103423
"609",13.03,11.0448893475991
"610",7.59,9.69550837549707
"611",9.08,8.82905433761516
"612",9.34,11.3385539879757
"613",9.93,7.78356112606885
"614",15.39,11.2697501331309
"615",11.26,11.2094055400037
"616",10.29,12.6869946326503
"617",6.57,8.91330479948665
"618",10.44,8.59432074013239
"619",8.67,9.6416216007589
"620",9.31,6.03028596638836
"621",9.62,6.68087053937829
"622",14.47,10.9989340504065
"623",16.22,14.280331789091
"624",11.85,15.6832112844125
"625",4.9,8.53363437995304
"626",5.85,4.03008706376381
"627",7.77,6.84174532251725
"628",9.77,8.24022656456477
"629",11.34,10.5322360934047
"630",14.18,12.3293576403409
"631",7.16,10.0593822887341
"632",6.29,4.88265931982753
"633",8.21,7.1585520155528
"634",13.34,9.65147719787127
"635",13.83,11.6989512144095
"636",11.18,11.2436028486834
"637",12.83,11.9677591852217
"638",14.77,12.3898822214708
"639",12.67,12.1699830374549
"640",16.6,12.4514977431907
"641",17.48,15.8677143991844
"642",16.71,15.5954352132058
"643",17.92,14.8756030460896
"644",16.89,15.1176935621035
"645",17.32,14.8337536361788
"646",17.76,15.2987170260783
"647",15.8,13.8030541591133
"648",16.83,12.981696123119
"649",14.7,13.07694471026
"650",15.75,11.5254060824311
"651",15.6,12.7750519950473
"652",13.65,13.4113346731446
"653",12.67,12.5353444456587
"654",12.44,12.1670878184579
"655",9.52,11.8720163055392
"656",8.88,7.21135516452778
"657",11.29,9.38149807619657
"658",12.34,10.1546010209843
"659",13.24,10.2121356334664
"660",16.11,10.905473548226
"661",15.11,13.5713076331617
"662",15.03,13.2107660929489
"663",11.39,13.7834173145108
"664",7.83,9.05989535199996
"665",9.8,8.3585973878509
"666",13.52,11.1515211377214
"667",15.73,13.5472738676875
"668",16.14,13.9500728459212
"669",18.56,14.7151594764384
"670",13.03,14.5499087464775
"671",14.52,12.2053765257683
"672",12.98,12.0213114475025
"673",11.67,11.2774277629324
"674",14.03,11.2625622145867
"675",11.75,11.2818235808478
"676",10.83,10.8141281102657
"677",10.44,11.163078142443
"678",14.42,10.6576227132467
"679",5.44,5.7150924326566
"680",1.98,2.81884834829057
"681",8.44,4.07282464005606
"682",8.67,7.78670465866182
"683",9.72,9.32325826923998
"684",11.9,10.6050997376224
"685",13.44,11.384158360038
"686",6.65,8.1982351473795
"687",5.83,5.79894899678638
"688",7.13,6.26127995036948
"689",9.72,8.49679016891687
"690",14.65,11.0603671610704
"691",7.93,10.8836826595092
"692",12.62,5.3797818939491
"693",10.08,7.08646093934033
"694",5.21,6.92572708260108
"695",6.77,6.81418354056327
"696",8.31,8.26475027139065
"697",8.06,6.6428021451362
"698",9.95,8.967060157799
"699",12.39,11.4214864777951
"700",6.11,9.13491162224651
"701",5.47,6.99423344723956
"702",6.62,5.65310763277686
"703",6.49,3.62790748290552
"704",8.24,3.97561203575475
"705",9.24,5.37957527882871
"706",6.39,6.30433167788859
"707",10.8,7.08442374495411
"708",10.65,8.30313190555023
"709",6.83,8.11149874139303
"710",6.67,6.51617829642046
"711",4.26,4.67907176503206
"712",5.98,5.41503357584197
"713",11.59,7.32750487815111
"714",8.11,9.5530801337318
"715",1.9,5.50493468558817
"716",4.75,3.79897083633295
"717",6.72,6.689852092148
"718",6.85,7.64103797688935
"719",7.06,7.70874120165605
"720",10.83,7.67408439540165
"721",9.98,8.32175946583811
"722",8.7,6.54157594415889
"723",7.18,5.97036793886892
"724",3.16,5.25828160966104
"725",3.8,4.04943875970477
"726",6.26,5.12648746787357
"727",1.85,2.75745802796226
"728",1.16,2.18319561630868
"729",4.06,2.9385735099554
"730",7.06,5.39494520396858
"731",5.03,6.74245614082478
"732",2.34,3.67436218036184
"733",-0.53,-0.487665157952102
"734",-1.22,-1.28887875552183
"735",0.59,1.07119966059086
"736",3.18,3.12037687265673
"737",4.31,5.13650635317942
"738",4.44,5.96066726691334
"739",4.77,6.0714433093484
"740",5.49,5.99319995689336
"741",5.59,5.73592541029149
"742",5.9,6.35508777809063
"743",8.47,6.71087583859177
"744",7.49,8.05829470373719
"745",7.39,7.39533747553888
"746",11.08,7.34379468898861
"747",1.98,8.52036645874898
"748",1.06,1.74976772733849
"749",0.36,1.05098337215476
"750",1.49,0.899197683600528
"751",1.88,2.42942484002579
"752",9.39,3.81295775064928
"753",6.67,7.49794634616871
"754",0.54,5.79796374067993
"755",0.85,1.48355796007608
"756",0.18,1.89813771380277
"757",-1.04,0.778167387366835
"758",-1.14,-0.613030604967913
"759",2,1.0518652638856
"760",2.62,2.62447418577372
"761",5.16,3.51385375641191
"762",-0.79,2.93835003623313
"763",-0.76,-0.696143175687567
"764",-1.53,-0.5676710231058
"765",-1.6,-3.01559489292435
"766",-6.42,-3.65878503451273
"767",-5.53,-6.45000466664113
"768",5.11,-4.88105090544764
"769",3.16,3.19982352477716
"770",-0.96,2.13250047956051
"771",-2.16,-1.22328292372179
"772",-2.27,-1.4222166786534
"773",-2.62,-1.07667011103042
"774",-2.57,-1.71381264909106
"775",-2.29,-1.58848231094681
"776",-2.88,-1.68000260976846
"777",-1.07,-0.571448371598821
"778",5.93,-1.04707024512688
"779",-0.51,0.308867191236141
"780",-0.66,-1.48439610439186
"781",4.18,-1.60325704309005
"782",1.9,1.03257976472912
"783",0.65,1.01375476082992
"784",-2.52,-0.635206500584158
"785",-2.11,-1.91002570951956
"786",-0.4,0.216247998201294
"787",-3.31,-0.378644733834588
"788",-3.72,-2.83703839934299
"789",-3.75,-2.05552002851783
"790",-4.03,-3.72926637574495
"791",-4.71,-2.77633742515347
"792",-4.1,-2.91598371979151
"793",-3.87,-2.12830622175702
"794",-3.82,-1.04062801572991
"795",1.03,-1.17249047508726
"796",-2.27,1.99509079321157
"797",-2.06,-1.26580544238484
"798",-6.24,-3.84826696856591
"799",-8.29,-7.06482146997623
"800",-6.04,-7.32100016606889
"801",-9.89,-8.65523264550719
"802",-9.03,-9.42178572310718
"803",-2.8,-6.33028584359206
"804",3.11,-4.27040088494937
"805",-5,-1.48949680390526
"806",-6.87,-5.3643696072167
"807",-5.1,-6.22552733360528
"808",-3.49,-5.09747804355573
"809",2.54,-2.25974761738293
"810",-6.47,-0.43019407946476
"811",-6.67,-5.71899089132982
"812",-5.93,-6.51591529631031
"813",-5.65,-6.71082262273946
"814",-3.01,-5.47146207408139
"815",4.7,-2.26771452521154
"816",-1.47,-0.421423223331175
"817",-4.51,-2.86262783202688
"818",3.11,-5.5629778141381
"819",2.06,-0.931651195685771
"820",-2.6,-1.45067341439527
"821",0.47,-3.05893088151941
"822",-3.08,-1.64505763189964
"823",-4.74,-2.96894517049635
"824",-4.64,-4.1640710125897
"825",-3.92,-2.7419213002931
"826",-5.55,-4.85816205716603
"827",-5.22,-3.77272586201454
"828",-4.79,-1.95323902658267
"829",-0.56,-1.43485688298088
"830",-2.88,-5.03804964612113
"831",-8.12,-5.40144975094694
"832",-13.42,-8.58275510565836
"833",-6.47,-11.592828112134
"834",-7.53,-10.0316832401248
"835",-7.89,-7.20176684421199
"836",-7.18,-7.66952671633393
"837",-5.55,-6.30970068147222
"838",-4.46,-5.40080004821045
"839",-4.48,-3.88294225477147
"840",-4,-3.77883647544886
"841",2.54,-2.803028418833
"842",1.42,1.27153627767509
"843",-4.79,-0.372642948298159
"844",-5.71,-4.81247594938953
"845",-4.66,-5.13954675932669
"846",-4.77,-3.43800747337992
"847",-1.53,-3.15316043170046
"848",-2.44,-0.700071140577129
"849",6.98,-1.25878298317169
"850",0.18,1.79279186837178
"851",-3.44,-4.06479678352669
"852",-7.25,-5.20052576637896
"853",-4,-7.28447364724037
"854",0.24,-1.53187971285956
"855",-1.63,-2.08974418799379
"856",-2.7,-3.04048627433595
"857",-4.23,-3.51073358313335
"858",-1.4,-3.26432953992192
"859",-6.06,-3.02547596826258
"860",-5.32,-4.96308830331012
"861",-4.36,-3.5335344114204
"862",-0.05,-1.27399507994621
"863",-3.13,-0.0085624732649075
"864",-1.91,-1.52326543127076
"865",-7.33,-5.69189372395228
"866",-2.98,-8.8363532587207
"867",-1.4,-7.05077815079576
"868",-5.86,-5.84764101937886
"869",-5.88,-5.91221698175101
"870",-4,-3.55882175775809
"871",-2.72,-0.0586754038879542
"872",-1.83,1.78716615423977
"873",2.42,2.66186989672657
"874",1.95,4.41414265173454
"875",1,1.89761413634199
"876",3.52,0.789853512680439
"877",-2.21,-0.0843126647308239
"878",-1.27,-1.57938535142473
"879",0.77,1.58465105646527
"880",6.95,2.96740388834734
"881",3.59,7.5592763620447
"882",4.47,4.89800455415056
"883",16.47,6.67218438810693
"884",8.21,20.8229816205598
"885",3.93,4.53916973686347
"886",3.8,-1.60158160168863
"887",1.49,-3.06058956592335
"888",0.03,-2.91015548821009
"889",0.44,-3.65750235561734
"890",-2.44,-3.1164561438613
"891",-6.52,-5.71421838989405
"892",-4.59,-5.31781353232186
"893",-2.06,-3.11981938949271
"894",-0.81,-2.11539090319986
"895",-5.12,-4.60063632331594
"896",1.57,-5.62577289423752
"897",-3.82,-2.53179543924402
"898",-3.23,-3.86680686939295
"899",-2.04,-2.59629841084924
"900",3.52,-0.0541167925859526
"901",1.42,-0.102004432739817
"902",-1.12,-5.32247644138557
"903",1.83,-2.70836619502403
"904",-0.38,-1.83695694526941
"905",0.579877113304318,-2.73571086971757
"906",4.13217488511156,1.94570670751884
"907",1.16204388699672,2.64311742616637
"908",3.6927468838174,0.166922599299063
"909",3.9472614666264,2.82901913332512
"910",6.59269915661816,5.35506492262286
"911",4.55478053498504,5.82188716715061
"912",6.58069789530971,6.13886900795809
"913",-0.442226528747176,4.17637751712546
"914",7.14213293555795,1.80308883824729
"915",8.01670556938677,5.93699699176249
"916",3.04045552160603,7.5089626593282
"917",5.66870609278365,7.63571315364751
"918",12.3172100746801,8.13248871612399
"919",14.4443001009007,12.073479459532
"920",11.5790390095568,11.2793898816809
"921",8.1642542524211,10.6222378128689
"922",9.03428321817551,9.55996428596232
"923",9.10953479879983,11.1053984152861
"924",6.957489856217,5.64902331637044
"925",2.68438516143784,4.58392086240884
"926",7.32123655904698,2.99973108345708
"927",-2.67832097785562,4.58970454332421
"928",5.13994056115303,-0.803809776687397
"929",2.97787885541221,5.42352035837888
"930",10.0947836536227,5.37979846939274
"931",6.85906515676151,8.47478303580283
"932",7.70967323876982,8.71576514246855
"933",8.39015550775914,9.86034565409532
"934",12.188763591501,10.1834018757016
"935",11.792305556391,12.274160360404
"936",8.00128486749729,8.89449821907046
"937",5.28475551729823,7.49128186336427
"938",6.0058180528849,7.89578291816084
"939",6.90564288076875,8.41144922378333
"940",6.12028229324291,10.5885436937567
"941",8.87277487080179,8.29340040877587
"942",8.41333572386704,7.88601527359042
"943",9.72517790638673,7.20896544406767
"944",4.15237690093979,7.36416002454213
"945",5.50981763250334,2.59942793008056
"946",7.75485169253973,6.41084151439957
"947",6.61298712988884,7.79010902440181
"948",10.4233358138871,9.26266811770983
"949",11.59,12.9815731606034
"950",-3.62,8.25111764156667
"951",-3.76,4.45817986710823
"952",-3.34,1.5018833425925
"953",-2.22,-0.409117303753758
"954",6.34,4.69131081238366
"955",8.42,8.75341518294177
"956",8.66,10.6584311375946
"957",10.37,11.1958965901651
"958",13.91,11.9251197332486
"959",9.27,11.8280265484401
"960",10.25,9.41363238879132
"961",9.03,9.70021740248996
"962",7.81,8.07892468725755
"963",6.59,7.50053337080093
"964",8.78,8.81777739779275
"965",9.88,10.6855313674939
"966",9.15,11.1812689885726
"967",7.32,11.3522640780712
"968",6.47,6.83647967626408
"969",6.71,9.73645981501499
"970",6.95,8.65890928889448
"971",9.52,10.0383705742758
"972",16.84,11.9823684950904
"973",14.03,13.4907142179796
"974",13.42,11.521386416222
"975",12.32,12.26633014027
"976",13.05,13.104180736955
"977",10.98,13.2306530470436
"978",11.47,12.8646398048426
"979",12.08,12.8517455401991
"980",12.08,13.2826807133892
"981",15.01,13.6521003251095
"982",16.84,14.3403980578334
"983",15.25,15.0240936552136
"984",15.37,14.9750345567083
"985",13.79,14.7555996480992
"986",15.49,14.7281722291136
"987",17.45,16.1574930710948
"988",17.93,17.3246407348536
"989",17.57,17.4383429372635
"990",16.1,17.3817413602143
"991",14.03,14.6810179911174
"992",13.3,14.3554697931364
"993",18.18,15.4404699004057
"994",16.59,14.8993223397606
"995",12.57,15.3010328824556
"996",9.64,11.000958105698
"997",14.52,12.2011120748047
"998",7.2,10.1199658671945
"999",4.76,6.27594159900942
"1000",8.05,9.54827862563957
"1001",11.1,12.5668090136066
"1002",15.01,14.7102244672774
"1003",7.69,13.3925208548994
"1004",10.61,11.005338597544
"1005",10.49,13.2837893826155
"1006",9.88,9.98152516843015
"1007",9.64,10.4404458532045
"1008",10.74,11.7700202896157
"1009",12.57,12.9977545998267
"1010",13.05,14.9026412275033
"1011",13.05,15.1546649709144
"1012",13.54,15.6686770267475
"1013",18.18,15.8876399348315
"1014",18.91,16.0633402006527
"1015",15.49,17.0415359518812
"1016",14.27,16.7243251952677
"1017",11.96,14.151648815142
"1018",17.81,15.1639685688102
"1019",10.49,14.7734071819367
"1020",3.54,5.81826258632297
"1021",5.98,5.81955407331607
"1022",8.78,9.14565150895866
"1023",12.81,11.4527623856684
"1024",13.18,12.6934207013129
"1025",11.59,13.6871178060128
"1026",11.47,14.1451732428047
"1027",14.64,14.299015047685
"1028",10.61,14.2912949764331
"1029",15.13,12.2785271917419
"1030",11.59,12.3916129738859
"1031",15.98,13.1490301908878
"1032",10.86,14.4019775072681
"1033",7.93,10.5053110279576
"1034",11.96,12.0279092399782
"1035",14.88,13.5361924470582
"1036",11.22,13.3373356781347
"1037",14.64,13.9839901976501
"1038",12.08,14.222492838098
"1039",13.54,13.2626224336681
"1040",11.22,11.2977221430225
"1041",13.79,10.2139330077946
"1042",12.81,13.2172130213849
"1043",8.78,11.2416346026413
"1044",11.1,11.1708439948406
"1045",11.96,12.5002076343673
"1046",15.37,13.3912976443501
"1047",13.91,13.769857250432
"1048",12.32,12.474757851224
"1049",8.66,11.7922080966105
"1050",11.83,12.0962988581001
"1051",10.61,12.2723743977394
"1052",10,9.86577716050617
"1053",5.73,9.8063124915529
"1054",9.64,9.9200216686863
"1055",13.3,12.1373298644864
"1056",10.98,12.4989521025431
"1057",7.69,10.3518964884378
"1058",7.2,9.94420127930407
"1059",8.42,10.30778280906
"1060",8.17,10.5679385767062
"1061",8.54,10.3125528418116
"1062",10.98,11.3104832000148
"1063",12.57,13.4710125767661
"1064",8.17,10.9988507100133
"1065",7.69,9.81290694515894
"1066",7.69,9.79460263975982
"1067",12.2,10.968629986199
"1068",11.35,12.0233850015513
"1069",6.34,10.6741983481398
"1070",5.73,7.87562011902141
"1071",12.93,9.94798822007088
"1072",10.98,7.64126107218201
"1073",5.37,7.90267667207079
"1074",3.29,7.72485963251404
"1075",4.76,8.03071092664745
"1076",-0.73,5.5237990746741
"1077",2.07,3.97049341825358
"1078",4.39,7.13720117908427
"1079",10.98,8.33542449078938
"1080",10.74,8.93167771873755
"1081",5.98,10.0700185119384
"1082",5.49,9.61580715815112
"1083",7.2,9.63739234929494
"1084",6.95,11.0106846346064
"1085",-0.12,8.16793772464102
"1086",10,4.37879253376953
"1087",11.1,9.71534904492334
"1088",12.44,10.4503601389743
"1089",15.13,11.1283189711815
"1090",13.66,13.5216917902205
"1091",16.23,13.3204121676408
"1092",12.57,14.7525699235972
"1093",4.51,11.7345280218101
"1094",3.78,6.64738739059569
"1095",7.2,6.8707082286945
"1096",3.29,8.32922291315419
"1097",5.25,6.48256873324869
"1098",-1.1,3.24793978933251
"1099",-1.71,0.28093717474677
"1100",-0.73,2.05687889420573
"1101",8.09723970172925,1.70716262355112
"1102",2.41392290930861,6.47768898001886
"1103",-1.44040994833678,2.42226299883565
"1104",4.24290272595782,0.389179716829613
"1105",6.53307722542979,3.62746108204275
"1106",11.47,6.19709476199869
"1107",1.46,10.7186478526092
"1108",3.66,6.254974665997
"1109",13.42,7.86362377996009
"1110",13.42,12.3233888493954
"1111",6.22,12.0746875089951
"1112",6.71,9.07906654146624
"1113",8.3,6.1080199128416
"1114",1.59,4.35479720478998
"1115",4.88,4.41218992451497
"1116",1.22,5.90894269104099
"1117",4.51,4.52766406061682
"1118",4.61058000811208,6.08567327582036
"1119",5.58002424649266,7.21672798082535
"1120",4.34785433411069,7.29123809800944
"1121",8.52162191981373,8.16212647405938
"1122",0.566882176360655,10.0583836865636
"1123",7.87714279473124,6.25981897932179
"1124",9.15,10.3370972436566
"1125",5.37,9.78274749512648
"1126",8.3,8.87895360555466
"1127",4.51,8.02457221388391
"1128",0,7.19849809925374
"1129",-0.37,4.4167392052617
"1130",0.73,4.03426061235116
"1131",0.24,4.69842862120029
"1132",0.61,5.29550634379371
"1133",-4.27,-0.416139031129418
"1134",-4.64,-2.08145742516542
"1135",2.56,-0.408034341406773
"1136",5,3.90782989576709
"1137",-1.46,4.0118896281309
"1138",-3.42,2.15538919003565
"1139",-6.22,-1.31089968483662
"1140",-3.29,-2.44152243191009
"1141",-4.39,-1.18640289851033
"1142",-3.9,-1.02567929590522
"1143",-3.17,-0.239107633098796
"1144",3.17,0.819369923440646
"1145",2.44,2.33595983515563
"1146",-2.68,3.72435066923902
"1147",-3.66,0.10447316502239
"1148",-3.54,-0.1467380533141
"1149",-1.22,0.635504225434903
"1150",3.42,2.74016349415607
"1151",-3.05,2.88678052753812
"1152",-4.51,-2.01011761120076
"1153",-1.1,-1.41931639882397
"1154",-3.9,-0.652298578992356
"1155",-3.05,-1.71092631520726
"1156",-2.81,-0.0344053067066101
"1157",-1.83,0.0470111781798468
"1158",3.9,0.627213399730514
"1159",-2.81,3.87547768040411
"1160",-5.49,-1.34666427840369
"1161",-3.78,-2.70730944656882
"1162",-2.93,-0.496028438794329
"1163",-3.78,0.543299946745304
"1164",1.22,0.124597509372384
"1165",-4.39,1.20395582337789
"1166",-5.61,-0.725661045145395
"1167",-4.39,-0.916208266900554
"1168",-3.54,-0.217139441905227
"1169",-2.68,1.10840966109205
"1170",1.59,1.84579432319874
"1171",-3.05,3.00120993043075
"1172",-1.59,-0.095946893590944
"1173",-5.98,0.140501765523245
"1174",-7.08,-2.55397123374555
"1175",0.61,-3.63255541182832
"1176",-0.795,-0.121930401648609
"1177",-7.32,-1.75374046039192
"1178",-5.49,-3.62842310047037
"1179",-4.51,-3.19897302259035
"1180",-8.05,-3.78356752978088
"1181",0,-12.704706046238
"1182",0,-14.5338194432764
"1183",-7.44,-8.02205997904557
"1184",-6.47,-4.46420362033282
"1185",-5.61,-3.54514690098307
"1186",-6.1,-2.51438906854286
"1187",-6.34,-1.79908425369456
"1188",-5.61,-2.39192571222726
"1189",-6.1,-1.80481312660683
"1190",-3.78,-1.82176131964373
"1191",-2.93,-0.429102017312936
"1192",-1.83,-0.458336690751246
"1193",-3.29,-0.111576763736864
"1194",-4.64,-0.0519680207069078
"1195",-5.37,-0.554244125336468
"1196",0.12,-0.648447831299601
"1197",-2.44,0.0898702904351731
"1198",4.51,0.863666354597836
"1199",-1.83,1.11340610200864
"1200",-9.39,-1.4393922076754
"1201",-7.08,-6.62461079292774
"1202",-5.12,-5.12945951292832
"1203",-6.95,-3.4497270148213
"1204",-4.76,-4.04489918789089
"1205",-2.2,-2.13482517513564
"1206",-2.68,0.271238369949276
"1207",5.37,1.09007634947919
"1208",1.46,5.01090865696812
"1209",5.61,5.34676032842106
"1210",4.51,6.40498979459012
"1211",-1.59,4.63516373118761
"1212",-4.51,-0.231448566649523
"1213",-1.34,-0.715661758649791
"1214",-5.37,0.181427925320975
"1215",-5.61,-2.50315815049035
"1216",-5.61,-2.37590301557021
"1217",2.81,-1.29121551356885
"1218",-3.17,0.763636262246487
"1219",-5.49,-1.0218072643926
"1220",-8.05,-3.80174140640789
"1221",-6.34,-5.00791450583869
"1222",-4.27,-3.13955888938427
"1223",-4.03,-0.813117320639068
"1224",-2.93,0.576672861426259
"1225",-2.2,1.4434027062485
"1226",-1.71,2.43848281862634
"1227",0,3.3780463322302
"1228",1.46,4.74637612298909
"1229",3.66,5.70406408123364
"1230",6.34,5.14398722305292
"1231",3.66,6.39728609296832
"1232",0.24,2.24266200227252
"1233",1.71,1.76743230215514
"1234",-1.59,0.942817761763528
"1235",-1.1,-0.152469110282129
"1236",2.07,0.667409826978645
"1237",2.32,2.99840991317067
"1238",0,3.4171629199175
"1239",8.05,2.63986365322549
"1240",8.05,6.2038450127856
"1241",6.71,5.53243960755565
"1242",7.56,7.09303973728885
"1243",9.52,8.18436725696372
"1244",1.22,8.96211750173137
"1245",1.1,2.53996375860258
"1246",1.22,3.5887385661192
"1247",5.73,5.44493599081496
"1248",-1.71,1.97194876675289
"1249",-3.05,-2.06172332752275
"1250",-2.56,-1.40789623786602
"1251",2.07,0.458065999504978
"1252",8.17,3.06678811302875
"1253",1.1,6.19091643402672
"1254",1.59,4.14598070642603
"1255",4.76,4.64851760665558
"1256",6.59,6.21253395996391
"1257",7.2,7.36203274321098
"1258",2.81,5.51141083665874
"1259",3.54,5.75902034634182
"1260",7.93,7.02720087061385
"1261",9.64,2.8641171268188
"1262",0.37,6.60324982908144
"1263",7.32,2.93983056528708
"1264",3.05,4.44748409486429
"1265",-1.59,0.919011412626939
"1266",0.85,1.37037130542759
"1267",9.27,4.51333334034789
"1268",9.27,9.41037836389601
"1269",9.88,7.37410707470752
"1270",10.98,9.2552723902861
"1271",13.05,10.4706680751095
"1272",8.3,11.8660002158964
"1273",2.56,8.09122017138816
"1274",3.17,4.97414673378468
"1275",4.03,6.46640974829673
"1276",6.59,8.22725939055838
"1277",7.2,8.38195222210886
"1278",4.27,4.09611728373982
"1279",-1.71,0.585001503309255
"1280",0.73,2.29536079997292
"1281",5.98,4.43114870555449
"1282",4.76,7.95242451514753
"1283",5.73,8.26129080887688
"1284",6.22,10.1156793527163
"1285",4.76,6.63059934856491
"1286",4.27,6.7992647254677
"1287",2.68,4.06436058697722
"1288",6.22,5.11394809743721
"1289",6.22,8.36704923752066
"1290",10.49,10.5590337217357
"1291",16.59,13.3256769833226
"1292",16.35,14.3662857497622
"1293",15.49,15.7008796950567
"1294",15.86,15.9126215239706
"1295",15.98,15.7876782474206
"1296",8.66,12.4341558821445
"1297",10.49,11.4992679520372
"1298",4.15,9.23738164111216
"1299",1.59,2.54578143337854
"1300",4.64,2.62307285903149
"1301",15.86,2.79257967440379
"1302",19.89,9.94812881052632
"1303",4.42638961234611,12.7594960507822
"1304",5.25159133409368,6.0143715245671
"1305",10.672672126692,6.17031643502465
"1306",10.13,10.7070506612033
"1307",5,9.81556186524926
"1308",8.78,8.57624991327287
"1309",9.27,10.5867141747518
"1310",11.96,11.0946783343579
"1311",11.96,10.5343450677422
"1312",5.25,7.64093764393222
"1313",4.15,7.59759743329111
"1314",6.47,8.78125765635097
"1315",14.4,10.5624700454517
"1316",12.93,14.1568279437234
"1317",8.54,12.8365164969479
"1318",10.37,11.6671605261403
"1319",5,7.95783176165952
"1320",9.03,7.40942359614435
"1321",5.61,8.62188300451392
"1322",6.59,8.67534918776498
"1323",9.64,10.7747656518877
"1324",3.29,7.43999134361243
"1325",3.9,6.78781543070101
"1326",6.71,8.25566052835662
"1327",12.57,11.3117107096566
"1328",9.88,10.7635393444611
"1329",3.9,6.22847967048313
"1330",-1.71,2.65457777236433
"1331",0.37,3.05972798645096
"1332",3.05,6.16239619894504
"1333",5.25,9.04265928395335
"1334",8.42,10.9355618602615
"1335",11.59,13.0056713205944
"1336",4.64,10.6986300886181
"1337",5,8.59736924086387
"1338",12.08,10.6551217172567
"1339",12.2,14.2197060047235
"1340",9.03,10.4110708763482
"1341",9.68640770410996,10.5594499381888
"1342",17.69,10.6510333188302
"1343",14.03,13.7116676052418
"1344",14.76,13.3975300235532
"1345",14.03,13.0524138355723
"1346",11.71,12.5874106354015
"1347",12.44,12.0306825544109
"1348",11.22,13.3891718530878
"1349",11.1,14.0295918177489
"1350",7.08,8.28081710565141
"1351",1.1,4.93253882296077
"1352",0.61,3.42657394966475
"1353",4.76,6.05322153955606
"1354",7.2,9.5351191699292
"1355",9.64,11.5483591723129
"1356",15.13,12.2287764436475
"1357",11.47,14.5644696328267
"1358",17.57,14.6996476449778
"1359",20.98,17.2328092905015
"1360",11.83,17.4675686076156
"1361",11.35,12.5837573854766
"1362",4.03,7.05295538410165
"1363",6.34,7.58924164250155
"1364",10.37,10.7855671313322
"1365",11.47,12.4098925320681
"1366",17.32,15.2701208140057
"1367",12.81,15.5451211307241
"1368",13.42,13.4495078553477
"1369",10.37,14.9695696246211
"1370",12.81,13.4479219052124
"1371",15.62,15.3699985582684
"1372",10.86,13.5902086636376
"1373",10.98,12.5697914240292
"1374",15.37,14.4093381490691
"1375",18.3,14.4826044204891
"1376",15.01,16.0957640223251
"1377",16.59,16.3456933858053
"1378",15.37,15.3977344965134
"1379",17.08,16.8658720613655
"1380",14.52,12.9816446448996
"1381",13.91,12.4949765786833
"1382",13.79,14.8505199370858
"1383",17.69,16.0248533271776
"1384",15.98,17.8225199621463
"1385",19.03,17.7354503738205
"1386",18.3,17.6503653150938
"1387",15.49,17.7660749422564
"1388",15.98,16.9312422162705
"1389",17.08,14.497695242817
"1390",14.88,15.5995610486967
"1391",15.86,16.3828760320433
"1392",16.96,16.973329122452
"1393",19.28,17.1597081824334
"1394",19.76,17.9644721244406
"1395",15.01,18.0401550934758
"1396",19.64,16.8861089175994
"1397",18.42,19.0716697775412
"1398",19.4,18.9354494499428
"1399",16.96,18.4259005915651
"1400",11.35,13.9669424549305
"1401",9.76,11.6517071511496
"1402",7.08,11.3176232678871
"1403",10,11.3997230516515
"1404",11.35,11.3888423027863
"1405",11.1,12.4678801201284
"1406",13.79,14.5841877042199
"1407",13.91,15.510753067113
"1408",16.71,15.5513164823382
"1409",11.83,16.3636203859406
"1410",4.39,10.226109861556
"1411",10.13,7.01525475797637
"1412",8.17,8.53174289139723
"1413",6.59,10.5153429447016
"1414",8.91,11.1185827683326
"1415",13.05,12.7587076802488
"1416",13.42,15.2553368802191
"1417",8.3,12.8283000564987
"1418",7.69,9.75616734851418
"1419",14.4,11.3413034938701
"1420",8.78,13.7469819981988
"1421",9.15,11.5217005058839
"1422",13.79,12.9867831161426
"1423",10.61,12.6536505402557
"1424",10.37,12.9357728522028
"1425",12.81,13.7654350385092
"1426",14.76,15.8481305314725
"1427",16.23,16.8254618360498
"1428",17.32,17.3987312703037
"1429",19.15,17.0944122241586
"1430",17.32,18.7372256682374
"1431",16.96,18.6390181407522
"1432",18.06,18.397754036726
"1433",13.18,14.9678217787367
"1434",5.86,11.2467333432152
"1435",9.27,10.3735840298425
"1436",11.96,13.2492332972782
"1437",14.76,15.4583964227771
"1438",13.91,17.0842248588858
"1439",12.08,16.3677492684255
"1440",9.76,14.0536181140412
"1441",4.03,7.49315165129828
"1442",6.34,7.13597106879512
"1443",13.05,9.50199709387946
"1444",11.47,13.6699212548332
"1445",9.39,10.5401251292533
"1446",3.29,9.43873584970772
"1447",4.27,7.66300261577744
"1448",5.73,8.85597045303681
"1449",8.3,9.8670774617809
"1450",1.71,8.6594365510188
"1451",3.78,6.85037953902883
"1452",4.39,8.98694431974647
"1453",5.98,9.59902287313523
"1454",9.39,10.1123555789904
"1455",6.1,11.2709565619319
"1456",8.05,9.6580573079469
"1457",10,11.0540185918522
"1458",10.86,12.2838379299627
"1459",7.93,12.6004087105385
"1460",10.74,11.4475535417166
"1461",13.54,12.9223472179269
"1462",11.35,14.1688672304971
"1463",9.88,13.8279651720983
"1464",11.59,13.3730663867735
"1465",10,11.2457770398746
"1466",12.44,11.1069748644324
"1467",5.37,11.5978842356181
"1468",0.12,6.65996417508786
"1469",3.9,4.54259682521913
"1470",5.12,7.00218260699635
"1471",0.49,6.26668928236134
"1472",0.12,4.1486911844532
"1473",1.1,5.14007838270688
"1474",1.1,6.17765628185578
"1475",1.71,6.31152997916503
"1476",4.27,7.30085235453189
"1477",9.88,8.86598279110682
"1478",12.93,11.4411540832121
"1479",11.47,11.4178326894813
"1480",9.52,11.2849160188505
"1481",5.86,10.6624492818615
"1482",4.51,9.21993954551898
"1483",-4.76,3.84155858663021
"1484",-5.37,-1.37173847658438
"1485",-3.42,-1.08485807554166
"1486",0.73,0.640601413740234
"1487",-1.59,2.72331618246449
"1488",-3.42,1.82133271472989
"1489",-1.71,1.60598672344669
"1490",-1.22,2.7003363860411
"1491",2.81,3.68699760338655
"1492",0,5.2385353780629
"1493",0.85,5.04449852476148
"1494",0.24,5.0516463690402
"1495",4.03,4.79623307141393
"1496",-0.98,6.72374975961946
"1497",-0.24,4.72715623229711
"1498",1.59,5.33695966955762
"1499",2.56,6.33594561971735
"1500",1.71,6.65977984119892
"1501",5.12,6.14296912193154
"1502",5.98,6.94047686558373
"1503",2.68,6.60249305346986
"1504",1.71,2.51701046564032
"1505",-6.22,0.397033361421861
"1506",-4.51,-2.00060336457525
"1507",-4.64,-3.15330911646771
"1508",-3.05,0.676349025755713
"1509",-0.61,0.633491293568558
"1510",-2.81,2.19299692109958
"1511",-2.68,2.05168426820165
"1512",-1.95,2.15526453565391
"1513",-0.49,2.65717832355264
"1514",5.12,3.4119592140866
"1515",-2.32,5.23301922019824
"1516",-1.83,2.05414695513213
"1517",4.51,3.28372468788932
"1518",2.44,4.95732060583935
"1519",-2.81,4.74143872425739
"1520",1.83,2.00906768495781
"1521",4.51,3.32024158284359
"1522",-3.78,2.76436279015634
"1523",-6.34,-0.472020156547257
"1524",-5.86,-2.29366943511927
"1525",-8.60227770976518,-3.42104440910299
"1526",-8.66,-7.06967754336039
"1527",-8.3,-3.53934251598408
"1528",-6.71,-4.0883440262374
"1529",-7.81,-3.3803010333647
"1530",-8.54,-4.24971677316005
"1531",-5.49,-4.15855904495687
"1532",-6.59,-2.01606621086282
"1533",-5.61,-2.3963969158176
"1534",-7.69,-3.58803869226817
"1535",-8.91,-5.61431639434033
"1536",-8.3,-4.94959306447038
"1537",-7.08,-2.77530890041049
"1538",-6.71,-2.12021688620748
"1539",-7.2,-2.27545548438952
"1540",-8.54,-2.97305663046257
"1541",-3.05,-6.07446860018359
"1542",-7.2,-0.188316299361259
"1543",-6.47,-3.60177641360404
"1544",-7.2,-2.33680834363016
"1545",-9.76,-3.96279910233339
"1546",-8.42,-5.96739220456431
"1547",-8.3,-4.88813481392868
"1548",-7.2,-4.12288040335974
"1549",-5.61,-3.39262647196769
"1550",0,-1.69285144893029
"1551",-0.85,1.87433919300417
"1552",-2.56,-1.11529758679771
"1553",3.54,-1.33231510783126
"1554",1.59,3.12881795131684
"1555",-4.03,2.72753349636453
"1556",-3.54,-2.4614552727045
"1557",-2.82333333333333,-3.29015484607648
"1558",-5.61,-0.382754671423924
"1559",-4.39,-2.04000481493121
"1560",-5.49,-1.69599751733224
"1561",-2.56,-1.0382180978677
"1562",-7.32,-0.261562684331734
"1563",-6.22,-3.28836639995065
"1564",-6.47,-2.48979368479212
"1565",-5.86,-1.73330291514632
"1566",-4.39,-1.94682633556626
"1567",-4.39,-1.02501066689135
"1568",2.93,-0.331037080736699
"1569",4.76,3.17038331527253
"1570",-1.22,4.19250199788478
"1571",-4.39,2.03041614853295
"1572",-2.56,0.0192688857183319
"1573",-5.61,0.326362669311477
"1574",1.83,-1.71561254237932
"1575",-2.93,2.6560138739448
"1576",-3.9,0.25093438771501
"1577",-1.22,0.628346916231154
"1578",4.51,2.0032188443278
"1579",3.29,6.63580519609136
"1580",5.12,5.16101738638383
"1581",-1.34,3.73054791215545
"1582",3.29,1.85708779759307
"1583",4.39,3.59017247974054
"1584",4.27,2.00145136484614
"1585",2.68,3.2567747442969
"1586",0.61,0.848298223498649
"1587",-4.27,1.02438724517785
"1588",2.07,-0.56799079934122
"1589",-4.03,1.59610029019465
"1590",-3.54,0.0702034059280736
"1591",-3.17,0.377894032781076
"1592",5.49,0.974563984043532
"1593",0.85,3.6324131659791
"1594",-0.12,3.19269576006225
"1595",-4.15,-0.244578088586696
"1596",-4.03,-1.61545417528082
"1597",0.61,-0.457163091201854
"1598",1.95,1.40052290354823
"1599",-1.46,2.26833300599865
"1600",2.93,0.102476905051983
"1601",8.66,4.24372437506098
"1602",1.59,6.77496629019094
"1603",3.66,6.2548530095964
"1604",4.03,6.31901209621917
"1605",-3.29,2.63662623303859
"1606",-2.68,0.92116775418922
"1607",-3.42,0.247035701558019
"1608",-3.05,0.686617296981658
"1609",0.85,2.02288807624194
"1610",4.03,4.16336180312222
"1611",-0.73,5.31043130968795
"1612",4.27,1.83130628060313
"1613",2.32,0.617983521555564
"1614",-6.95,-0.803941171327944
"1615",-4.15,-3.52314688258106
"1616",-5.12,-2.55565584954027
"1617",-2.32,-1.10734789486366
"1618",7.69,1.6607949193698
"1619",-2.07,4.79436503627705
"1620",-3.42,-0.971603207378843
"1621",4.51,0.0583238019318435
"1622",-1.1,3.65706392437661
"1623",1.22,1.8408495245373
"1624",7.44,3.49620580119889
"1625",8.42,6.82188908771808
"1626",4.51,5.44000026630825
"1627",3.17,5.32116039798083
"1628",2.56,4.59598520965449
"1629",-0.85,2.61497397670159
"1630",1.71,1.88425849714243
"1631",3.17,4.06466725882214
"1632",11.1,6.38846089037772
"1633",1.46,7.55110732588272
"1634",7.56,5.51101802075506
"1635",5.49,7.62587603404585
"1636",6.59,5.14504535757093
"1637",8.05,4.63022770884324
"1638",7.69,6.37068662965112
"1639",9.15,7.13863874811865
"1640",6.59,8.19182178359135
"1641",5.12,5.46321578761997
"1642",4.27,2.20701348914389
"1643",3.78,2.97702766160478
"1644",4.76,2.64616317208053
"1645",-0.12,2.96951146901608
"1646",0.37,3.08965293492938
"1647",6.1,4.49875685933157
"1648",-1.1,4.25167150514717
"1649",4.88,1.12124336668365
"1650",2.44,1.90003749799128
"1651",1.71,4.08591156505101
"1652",4.76,5.6837529420444
"1653",4.64,7.71343018285264
"1654",5.61,6.02168242965296
"1655",6.59,6.84604539133535
"1656",7.44,6.13770104841648
"1657",5.73,5.24838438223211
"1658",5,4.89930919092331
"1659",4.27,5.21695615869571
"1660",2.56,6.483032758658
"1661",9.03,7.49952584123837
"1662",12.57,12.1238977410761
"1663",6.71,9.39923180215374
"1664",7.56,8.5749862312727
"1665",3.17,6.44130516509666
"1666",11.35,5.41656531226475
"1667",9.03,10.3130051504443
"1668",10.74,9.13361524697769
"1669",5.86,9.65594030962763
"1670",4.03,7.51567148525121
"1671",5.86,7.500950825339
"1672",6.34,9.31847387734464
"1673",6.95,8.22246721029216
"1674",10,7.28280778889344
"1675",10.49,8.96378850734287
"1676",12.44,11.2358021821745
"1677",7.44,10.7786566692201
"1678",6.71,9.73898963239173
"1679",9.39,10.6414090920542
"1680",16.59,12.3375754681976
"1681",13.3,14.5063453856109
"1682",9.76,11.3147346672744
"1683",5.73,8.57607805408255
"1684",2.68,5.56163318746811
"1685",5.20103973082508,4.77352349410268
"1686",8.27384584272468,7.41715389099989
"1687",12.6340897406504,8.21275844163102
"1688",9.29661625967826,10.2576970377484
"1689",12.2042538425595,11.0690493398197
"1690",11.8852705910238,11.2855530364089
"1691",8.88828171749309,11.8665508742979
"1692",11.1872975762372,8.7656252394308
"1693",8.08440391615142,9.33212880438468
"1694",8.26795402170935,9.64870437676213
"1695",15.74,10.6065231977372
"1696",13.42,13.3548434808049
"1697",13.91,13.0207207311892
"1698",9.88,12.9406100536307
"1699",14.27,12.4505762463407
"1700",11.83,13.3177550886582
"1701",11.35,12.9684640577355
"1702",14.4,13.8203973272181
"1703",11.1,12.8381405683126
"1704",8.66,12.0175882784614
"1705",10.61,12.398732574924
"1706",12.69,13.9171561060843
"1707",9.88,12.7968457870074
"1708",13.54,12.3107004820413
"1709",12.2,12.3291174161854
"1710",11.22,12.2487912074492
"1711",10.25,14.1733322874584
"1712",10.61,10.5047875742851
"1713",4.51,7.47722853629997
"1714",7.32,8.21103366761154
"1715",10.37,10.9637357822758
"1716",13.79,13.1895874069164
"1717",16.84,11.6353572333285
"1718",12.93,15.8366551198849
"1719",13.91,15.0981976669404
"1720",15.37,16.5280567363998
"1721",17.32,17.2180861827424
"1722",16.59,17.8619201359205
"1723",17.32,18.6263605583415
"1724",16.96,16.7735081979977
"1725",16.1,15.8714579253032
"1726",16.71,15.7556590579427
"1727",19.28,17.1530787022998
"1728",17.69,18.218069129132
"1729",17.2,17.3399312605277
"1730",15.13,15.8918502073986
"1731",15.01,14.455479031908
"1732",15.86,14.7121262714937
"1733",16.47,15.0991952082972
"1734",15.86,15.7325877659019
"1735",14.03,14.7939793951486
"1736",15.01,15.0943224010381
"1737",17.32,16.6228837502681
"1738",14.15,14.8276327110293
"1739",11.71,14.0260514262349
"1740",17.81,14.8234518766117
"1741",14.15,15.658473011312
"1742",18.06,16.5317197748553
"1743",18.3,16.6235813005707
"1744",18.42,18.5451940022331
"1745",21.35,19.5215294981511
"1746",17.08,19.9928266851708
"1747",17.2,18.9569121400698
"1748",18.06,17.9489811136948
"1749",18.3,18.027643484539
"1750",13.18,16.0689843777285
"1751",9.88,12.6253424105548
"1752",9.03,10.9151332431533
"1753",16.84,12.8516418859712
"1754",15.37,15.6639484455575
"1755",13.3,15.2243634532571
"1756",14.4,14.0196793111574
"1757",16.84,14.447765528504
"1758",12.69,15.3135203848449
"1759",12.08,14.7059796205055
"1760",13.3,14.6995715592786
"1761",15.74,15.6718132525139
"1762",15.01,15.8909604319496
"1763",17.81,16.644607737522
"1764",18.18,17.7222487734989
"1765",15.25,17.231506894108
"1766",18.67,17.3158980235876
